system,intent_id,rep,complexity,ue_band,scenario,deployment_time_s,config_error_rate,resource_accuracy,interventions,intent_to_deploy_accuracy,policy_violation_rate,error
b1,S01,0,simple,50,steady,858.17,0.0,0.0,9,0,0.2,
b1,S01,1,simple,50,steady,733.64,0.0,0.0,8,0,0.4,
b1,S01,2,simple,50,steady,886.69,0.0,0.0,8,0,0.2,
b1,S01,3,simple,50,steady,747.63,0.0,0.0,10,0,0.0,
b1,S01,4,simple,50,steady,983.75,0.0,0.0,10,0,0.2,
b1,S02,0,simple,200,steady,876.15,0.0,0.0,8,0,0.2,
b1,S02,1,simple,200,steady,805.77,0.0,0.0,12,0,0.2,
b1,S02,2,simple,200,steady,864.31,0.0,0.0,9,0,0.4,
b1,S02,3,simple,200,steady,820.94,0.0,0.0,10,0,0.4,
b1,S02,4,simple,200,steady,805.94,0.0,0.0,8,0,0.2,
b1,S03,0,simple,50,steady,881.55,0.0,0.0,10,0,0.0,
b1,S03,1,simple,50,steady,867.84,0.0,0.0,9,0,0.2,
b1,S03,2,simple,50,steady,836.57,0.0,0.0,9,0,0.0,
b1,S03,3,simple,50,steady,851.91,0.0,0.0,9,0,0.0,
b1,S03,4,simple,50,steady,885.02,0.0,0.0,11,0,0.0,
b1,S04,0,simple,50,steady,808.89,0.0,0.0,8,0,0.0,
b1,S04,1,simple,50,steady,918.05,0.0,0.0,10,0,0.0,
b1,S04,2,simple,50,steady,780.78,0.0,0.0,7,0,0.2,
b1,S04,3,simple,50,steady,772.44,0.0,0.0,8,0,0.0,
b1,S04,4,simple,50,steady,764.08,0.0,0.0,10,0,0.6,
b1,S05,0,simple,200,steady,810.23,0.0,0.0,5,0,0.2,
b1,S05,1,simple,200,steady,820.05,0.0,0.0,7,0,0.2,
b1,S05,2,simple,200,steady,719.99,0.0,0.0,8,0,0.0,
b1,S05,3,simple,200,steady,831.06,0.0,0.0,8,0,0.2,
b1,S05,4,simple,200,steady,794.62,0.0,0.0,7,0,0.0,
b1,S06,0,simple,50,steady,704.66,0.0,0.0,10,0,0.4,
b1,S06,1,simple,50,steady,728.69,0.0,0.0,8,0,0.2,
b1,S06,2,simple,50,steady,791.49,0.0,0.0,7,0,0.0,
b1,S06,3,simple,50,steady,860.03,0.0,0.0,11,0,0.0,
b1,S06,4,simple,50,steady,717.01,0.0,0.0,8,0,0.0,
b1,N01,0,simple,500,steady,744.78,0.0,0.0,10,0,0.2,
b1,N01,1,simple,500,steady,852.76,0.0,0.0,8,0,0.0,
b1,N01,2,simple,500,steady,765.74,0.0,0.0,11,0,0.4,
b1,N01,3,simple,500,steady,810.76,0.0,0.0,7,0,0.2,
b1,N01,4,simple,500,steady,757.05,0.0,0.0,10,0,0.2,
b1,M01,0,medium,500,steady,867.22,0.0,0.0,8,0,0.0,
b1,M01,1,medium,500,steady,812.25,0.0,0.0,8,0,0.0,
b1,M01,2,medium,500,steady,1013.51,0.0,0.0,8,0,0.2,
b1,M01,3,medium,500,steady,867.93,0.0,0.0,11,0,0.2,
b1,M01,4,medium,500,steady,849.46,0.0,0.0,10,0,0.0,
b1,M02,0,medium,200,steady,1087.59,0.0,0.0,11,0,0.2,
b1,M02,1,medium,200,steady,995.03,0.0,0.0,6,0,0.0,
b1,M02,2,medium,200,steady,1066.49,0.0,0.0,11,0,0.2,
b1,M02,3,medium,200,steady,1096.9,0.0,0.0,11,0,0.0,
b1,M02,4,medium,200,steady,1036.92,0.0,0.0,11,0,0.2,
b1,M03,0,medium,500,fault-HA,886.03,0.0,0.426,8,0,0.2,
b1,M03,1,medium,500,fault-HA,1069.98,0.0,0.426,8,0,0.0,
b1,M03,2,medium,500,fault-HA,932.93,0.0,0.426,9,0,0.0,
b1,M03,3,medium,500,fault-HA,896.14,0.0,0.426,9,0,0.2,
b1,M03,4,medium,500,fault-HA,854.75,0.0,0.426,9,0,0.2,
b1,M04,0,medium,500,steady,881.51,0.0,0.2138,9,0,0.2,
b1,M04,1,medium,500,steady,863.39,0.0,0.2138,7,0,0.0,
b1,M04,2,medium,500,steady,956.86,0.0,0.2138,8,0,0.0,
b1,M04,3,medium,500,steady,820.15,0.0,0.2138,9,0,0.0,
b1,M04,4,medium,500,steady,874.86,0.0,0.2138,8,0,0.2,
b1,M05,0,medium,500,steady,978.19,0.0,0.3441,9,0,0.2,
b1,M05,1,medium,500,steady,1019.54,0.0,0.3441,8,0,0.2,
b1,M05,2,medium,500,steady,886.77,0.0,0.3441,12,0,0.2,
b1,M05,3,medium,500,steady,886.97,0.0,0.3441,8,0,0.0,
b1,M05,4,medium,500,steady,1058.31,0.0,0.3441,9,0,0.2,
b1,M06,0,medium,200,fault-HA,958.73,0.0,0.3799,6,0,0.0,
b1,M06,1,medium,200,fault-HA,960.91,0.0,0.3799,8,0,0.2,
b1,M06,2,medium,200,fault-HA,1124.18,0.0,0.3799,7,0,0.0,
b1,M06,3,medium,200,fault-HA,896.82,0.0,0.3799,6,0,0.0,
b1,M06,4,medium,200,fault-HA,877.52,0.0,0.3799,9,0,0.2,
b1,M07,0,medium,200,steady,1044.72,0.0,0.0,12,0,0.4,
b1,M07,1,medium,200,steady,1084.11,0.0,0.0,7,0,0.2,
b1,M07,2,medium,200,steady,1077.68,0.0,0.0,8,0,0.2,
b1,M07,3,medium,200,steady,846.13,0.0,0.0,10,0,0.0,
b1,M07,4,medium,200,steady,1019.69,0.0,0.0,11,0,0.2,
b1,M08,0,medium,500,bursty-headroom,929.14,0.0,0.2841,9,0,0.0,
b1,M08,1,medium,500,bursty-headroom,1084.78,0.0,0.2841,7,0,0.2,
b1,M08,2,medium,500,bursty-headroom,1015.87,0.0,0.2841,10,0,0.2,
b1,M08,3,medium,500,bursty-headroom,971.27,0.0,0.2841,5,0,0.0,
b1,M08,4,medium,500,bursty-headroom,990.43,0.0,0.2841,10,0,0.2,
b1,M09,0,medium,200,steady,938.26,0.0,0.0,8,0,0.4,
b1,M09,1,medium,200,steady,988.33,0.0,0.0,7,0,0.2,
b1,M09,2,medium,200,steady,954.11,0.0,0.0,10,0,0.2,
b1,M09,3,medium,200,steady,900.43,0.0,0.0,8,0,0.0,
b1,M09,4,medium,200,steady,871.01,0.0,0.0,9,0,0.0,
b1,M10,0,medium,200,steady,1089.24,0.0,0.0,9,0,0.2,
b1,M10,1,medium,200,steady,1022.58,0.0,0.0,10,0,0.2,
b1,M10,2,medium,200,steady,983.45,0.0,0.0,10,0,0.0,
b1,M10,3,medium,200,steady,1078.07,0.0,0.0,9,0,0.2,
b1,M10,4,medium,200,steady,1048.67,0.0,0.0,12,0,0.0,
b1,N02,0,medium,50,steady,951.97,0.0,0.0,9,0,0.2,
b1,N02,1,medium,50,steady,996.17,0.0,0.0,8,0,0.0,
b1,N02,2,medium,50,steady,1024.0,0.0,0.0,9,0,0.2,
b1,N02,3,medium,50,steady,928.82,0.0,0.0,8,0,0.0,
b1,N02,4,medium,50,steady,963.35,0.0,0.0,6,0,0.0,
b1,N03,0,medium,200,bursty-headroom,873.89,0.0,0.0,9,0,0.0,
b1,N03,1,medium,200,bursty-headroom,1034.86,0.0,0.0,8,0,0.0,
b1,N03,2,medium,200,bursty-headroom,882.09,0.0,0.0,8,0,0.2,
b1,N03,3,medium,200,bursty-headroom,1059.05,0.0,0.0,9,0,0.2,
b1,N03,4,medium,200,bursty-headroom,898.44,0.0,0.0,10,0,0.0,
b1,N04,0,medium,500,sinusoidal-autoscale,997.2,0.0,0.0,10,0,0.0,
b1,N04,1,medium,500,sinusoidal-autoscale,897.76,0.0,0.0,10,0,0.4,
b1,N04,2,medium,500,sinusoidal-autoscale,910.78,0.0,0.0,10,0,0.2,
b1,N04,3,medium,500,sinusoidal-autoscale,981.2,0.0,0.0,9,0,0.0,
b1,N04,4,medium,500,sinusoidal-autoscale,984.69,0.0,0.0,10,0,0.4,
b1,N05,0,medium,200,sinusoidal-autoscale,921.24,0.0,0.0,8,0,0.2,
b1,N05,1,medium,200,sinusoidal-autoscale,844.36,0.0,0.0,10,0,0.2,
b1,N05,2,medium,200,sinusoidal-autoscale,900.58,0.0,0.0,10,0,0.0,
b1,N05,3,medium,200,sinusoidal-autoscale,908.72,0.0,0.0,10,0,0.0,
b1,N05,4,medium,200,sinusoidal-autoscale,924.05,0.0,0.0,10,0,0.2,
b1,N06,0,medium,50,fault-HA,890.65,0.0,0.3427,11,0,0.0,
b1,N06,1,medium,50,fault-HA,1011.9,0.0,0.3427,10,0,0.2,
b1,N06,2,medium,50,fault-HA,1199.18,0.0,0.3427,7,0,0.0,
b1,N06,3,medium,50,fault-HA,959.59,0.0,0.3427,11,0,0.0,
b1,N06,4,medium,50,fault-HA,1027.59,0.0,0.3427,11,0,0.2,
b1,N07,0,medium,500,bursty-headroom,1085.31,0.0,0.0,10,0,0.0,
b1,N07,1,medium,500,bursty-headroom,1061.83,0.0,0.0,11,0,0.2,
b1,N07,2,medium,500,bursty-headroom,1018.13,0.0,0.0,9,0,0.2,
b1,N07,3,medium,500,bursty-headroom,862.98,0.0,0.0,12,0,0.4,
b1,N07,4,medium,500,bursty-headroom,991.31,0.0,0.0,10,0,0.0,
b1,N08,0,medium,200,fault-HA,1159.84,0.0,0.3976,6,0,0.2,
b1,N08,1,medium,200,fault-HA,851.11,0.0,0.3976,11,0,0.2,
b1,N08,2,medium,200,fault-HA,1005.23,0.0,0.3976,9,0,0.4,
b1,N08,3,medium,200,fault-HA,947.08,0.0,0.3976,10,0,0.0,
b1,N08,4,medium,200,fault-HA,1021.07,0.0,0.3976,9,0,0.2,
b1,C01,0,complex,500,fault-HA,1262.06,0.0,0.4243,10,0,0.2,
b1,C01,1,complex,500,fault-HA,1365.7,0.0,0.4123,10,0,0.0,
b1,C01,2,complex,500,fault-HA,1036.89,0.0,0.4123,9,0,0.0,
b1,C01,3,complex,500,fault-HA,1181.17,0.0,0.4123,11,0,0.2,
b1,C01,4,complex,500,fault-HA,1309.16,0.0,0.4123,6,0,0.0,
b1,C02,0,complex,500,steady,1297.05,0.0,0.2062,9,0,0.2,
b1,C02,1,complex,500,steady,1221.18,0.0,0.2062,11,0,0.0,
b1,C02,2,complex,500,steady,1358.21,0.0,0.2062,9,0,0.2,
b1,C02,3,complex,500,steady,1154.05,0.0,0.2062,9,0,0.2,
b1,C02,4,complex,500,steady,1224.38,0.0,0.2062,9,0,0.0,
b1,C03,0,complex,200,fault-HA,1346.56,0.0,0.4017,8,0,0.0,
b1,C03,1,complex,200,fault-HA,1273.05,0.0,0.4017,10,0,0.2,
b1,C03,2,complex,200,fault-HA,1344.14,0.0,0.4017,6,0,0.2,
b1,C03,3,complex,200,fault-HA,1146.99,0.0,0.4017,10,0,0.0,
b1,C03,4,complex,200,fault-HA,1288.37,0.0,0.4017,9,0,0.2,
b1,C04,0,complex,200,steady,1251.55,0.0,0.0,11,0,0.2,
b1,C04,1,complex,200,steady,1304.43,0.0,0.0,12,0,0.0,
b1,C04,2,complex,200,steady,1205.32,0.0,0.0,12,0,0.4,
b1,C04,3,complex,200,steady,1240.14,0.0,0.0,10,0,0.2,
b1,C04,4,complex,200,steady,1130.62,0.0,0.0,9,0,0.0,
b1,C05,0,complex,500,bursty-headroom,1520.99,0.0,0.121,11,0,0.2,
b1,C05,1,complex,500,bursty-headroom,1405.86,0.0,0.121,11,0,0.0,
b1,C05,2,complex,500,bursty-headroom,1342.62,0.0,0.121,13,0,0.2,
b1,C05,3,complex,500,bursty-headroom,1314.73,0.0,0.121,11,0,0.0,
b1,C05,4,complex,500,bursty-headroom,1295.87,0.0,0.121,9,0,0.2,
b1,C06,0,complex,500,steady,1336.79,0.0,0.1703,8,0,0.2,
b1,C06,1,complex,500,steady,1237.84,0.0,0.1703,9,0,0.2,
b1,C06,2,complex,500,steady,1400.06,0.0,0.1703,6,0,0.0,
b1,C06,3,complex,500,steady,1349.1,0.0,0.1703,9,0,0.0,
b1,C06,4,complex,500,steady,1127.8,0.0,0.1703,10,0,0.2,
b1,C07,0,complex,200,fault-HA,1235.28,0.0,0.3357,11,0,0.2,
b1,C07,1,complex,200,fault-HA,1158.41,0.0,0.3357,10,0,0.0,
b1,C07,2,complex,200,fault-HA,1418.42,0.0,0.3357,11,0,0.2,
b1,C07,3,complex,200,fault-HA,1259.25,0.0,0.3357,9,0,0.2,
b1,C07,4,complex,200,fault-HA,1166.53,0.0,0.3357,11,0,0.0,
b1,C08,0,complex,500,steady,1269.76,0.0,0.0769,12,0,0.2,
b1,C08,1,complex,500,steady,1356.01,0.0,0.0769,8,0,0.0,
b1,C08,2,complex,500,steady,1276.4,0.0,0.0769,11,0,0.0,
b1,C08,3,complex,500,steady,1294.64,0.0,0.0769,11,0,0.0,
b1,C08,4,complex,500,steady,1284.93,0.0,0.0769,10,0,0.2,
b1,C09,0,complex,50,steady,956.71,0.0,0.0,9,0,0.0,
b1,C09,1,complex,50,steady,1056.33,0.0,0.0,8,0,0.0,
b1,C09,2,complex,50,steady,1235.62,0.0,0.0,7,0,0.2,
b1,C09,3,complex,50,steady,1138.97,0.0,0.0,9,0,0.4,
b1,C09,4,complex,50,steady,1128.98,0.0,0.0,9,0,0.4,
b1,N09,0,complex,200,bursty-headroom,1235.66,0.0,0.0,7,0,0.0,
b1,N09,1,complex,200,bursty-headroom,1223.17,0.0,0.0,11,0,0.2,
b1,N09,2,complex,200,bursty-headroom,1212.33,0.0,0.0,9,0,0.2,
b1,N09,3,complex,200,bursty-headroom,1340.96,0.0,0.0,11,0,0.2,
b1,N09,4,complex,200,bursty-headroom,1363.01,0.0,0.0,11,0,0.2,
b1,N10,0,complex,200,sinusoidal-autoscale,1275.7,0.0,0.0,10,0,0.0,
b1,N10,1,complex,200,sinusoidal-autoscale,1237.34,0.0,0.0,11,0,0.2,
b1,N10,2,complex,200,sinusoidal-autoscale,1238.19,0.0,0.0,9,0,0.0,
b1,N10,3,complex,200,sinusoidal-autoscale,1313.7,0.0,0.0,11,0,0.2,
b1,N10,4,complex,200,sinusoidal-autoscale,1394.66,0.0,0.0,10,0,0.0,
b1,N11,0,complex,500,sinusoidal-autoscale,1171.09,0.0,0.0,10,0,0.0,
b1,N11,1,complex,500,sinusoidal-autoscale,1378.28,0.0,0.0,10,0,0.2,
b1,N11,2,complex,500,sinusoidal-autoscale,1301.96,0.0,0.0,13,0,0.2,
b1,N11,3,complex,500,sinusoidal-autoscale,1444.7,0.0,0.0,11,0,0.0,
b1,N11,4,complex,500,sinusoidal-autoscale,1266.01,0.0,0.0,15,0,0.0,
b2,S01,0,simple,50,steady,3987.0,0.0,0.0,17,0,0.0,
b2,S01,1,simple,50,steady,3882.47,0.0,0.0,21,0,0.0,
b2,S01,2,simple,50,steady,3974.04,0.0,0.0,16,0,0.0,
b2,S01,3,simple,50,steady,3773.92,0.0,0.0,18,0,0.0,
b2,S01,4,simple,50,steady,3751.31,0.0,0.0,15,0,0.2,
b2,S02,0,simple,200,steady,4015.02,0.0,0.0,18,0,0.0,
b2,S02,1,simple,200,steady,3623.02,0.0,0.0,17,0,0.0,
b2,S02,2,simple,200,steady,3562.91,0.0,0.0,21,0,0.0,
b2,S02,3,simple,200,steady,3992.89,0.0,0.0,18,0,0.0,
b2,S02,4,simple,200,steady,3597.52,0.0,0.0,22,0,0.0,
b2,S03,0,simple,50,steady,4313.03,0.0,0.0,15,0,0.0,
b2,S03,1,simple,50,steady,3963.53,0.0,0.0,19,0,0.0,
b2,S03,2,simple,50,steady,3984.97,0.0,0.0,17,0,0.0,
b2,S03,3,simple,50,steady,4170.71,0.0,0.0,14,0,0.0,
b2,S03,4,simple,50,steady,3725.81,0.0,0.0,18,0,0.0,
b2,S04,0,simple,50,steady,4188.9,0.0,0.0,15,0,0.0,
b2,S04,1,simple,50,steady,4153.02,0.0,0.0,14,0,0.0,
b2,S04,2,simple,50,steady,3797.44,0.0,0.0,21,0,0.2,
b2,S04,3,simple,50,steady,3611.42,0.0,0.0,17,0,0.0,
b2,S04,4,simple,50,steady,4316.82,0.0,0.0,16,0,0.0,
b2,S05,0,simple,200,steady,3790.58,0.0,0.0,19,0,0.0,
b2,S05,1,simple,200,steady,3970.12,0.0,0.0,19,0,0.0,
b2,S05,2,simple,200,steady,4386.62,0.0,0.0,18,0,0.2,
b2,S05,3,simple,200,steady,3808.39,0.0,0.0,15,0,0.0,
b2,S05,4,simple,200,steady,4128.59,0.0,0.0,19,0,0.2,
b2,S06,0,simple,50,steady,3469.73,0.0,0.0,17,0,0.0,
b2,S06,1,simple,50,steady,3503.44,0.0,0.0,14,0,0.0,
b2,S06,2,simple,50,steady,3927.13,0.0,0.0,14,0,0.0,
b2,S06,3,simple,50,steady,3903.43,0.0,0.0,20,0,0.0,
b2,S06,4,simple,50,steady,3960.7,0.0,0.0,16,0,0.0,
b2,N01,0,simple,500,steady,3623.92,0.0,0.2515,20,0,0.0,
b2,N01,1,simple,500,steady,3743.73,0.0,0.2515,19,0,0.0,
b2,N01,2,simple,500,steady,3872.7,0.0,0.2515,16,0,0.0,
b2,N01,3,simple,500,steady,3742.95,0.0,0.2515,15,0,0.0,
b2,N01,4,simple,500,steady,3732.98,0.0,0.2515,14,0,0.0,
b2,M01,0,medium,500,steady,3935.18,0.0,0.2649,16,0,0.2,
b2,M01,1,medium,500,steady,4116.01,0.0,0.2649,16,0,0.0,
b2,M01,2,medium,500,steady,4141.17,0.0,0.2649,20,0,0.0,
b2,M01,3,medium,500,steady,4078.5,0.0,0.2649,19,0,0.0,
b2,M01,4,medium,500,steady,3800.94,0.0,0.2649,19,0,0.0,
b2,M02,0,medium,200,steady,3842.35,0.0,0.0856,17,0,0.0,
b2,M02,1,medium,200,steady,4080.18,0.0,0.0856,16,0,0.0,
b2,M02,2,medium,200,steady,3956.76,0.0,0.0856,17,0,0.0,
b2,M02,3,medium,200,steady,4212.65,0.0,0.0856,15,0,0.0,
b2,M02,4,medium,200,steady,3725.15,0.0,0.0856,19,0,0.0,
b2,M03,0,medium,500,fault-HA,3599.87,0.0,0.7694,15,0,0.0,
b2,M03,1,medium,500,fault-HA,4402.03,0.0,0.7694,19,0,0.0,
b2,M03,2,medium,500,fault-HA,4181.96,0.0,0.7694,17,0,0.0,
b2,M03,3,medium,500,fault-HA,4255.44,0.0,0.7694,18,0,0.0,
b2,M03,4,medium,500,fault-HA,3727.14,0.0,0.7694,20,0,0.0,
b2,M04,0,medium,500,steady,4091.27,0.0,0.6523,16,0,0.0,
b2,M04,1,medium,500,steady,3422.26,0.0,0.6523,17,0,0.0,
b2,M04,2,medium,500,steady,3835.51,0.0,0.6523,21,0,0.0,
b2,M04,3,medium,500,steady,3508.59,0.0,0.6523,17,0,0.0,
b2,M04,4,medium,500,steady,3879.63,0.0,0.6523,17,0,0.2,
b2,M05,0,medium,500,steady,4273.1,0.0,0.4939,18,0,0.0,
b2,M05,1,medium,500,steady,3742.74,0.0,0.4939,18,0,0.0,
b2,M05,2,medium,500,steady,3739.03,0.0,0.4939,19,0,0.0,
b2,M05,3,medium,500,steady,4230.57,0.0,0.4939,15,0,0.0,
b2,M05,4,medium,500,steady,3859.84,0.0,0.4939,18,0,0.0,
b2,M06,0,medium,200,fault-HA,4076.03,0.0,0.4991,19,0,0.0,
b2,M06,1,medium,200,fault-HA,3489.65,0.0,0.4991,18,0,0.0,
b2,M06,2,medium,200,fault-HA,3742.85,0.0,0.4991,14,0,0.0,
b2,M06,3,medium,200,fault-HA,3991.75,0.0,0.4991,18,0,0.0,
b2,M06,4,medium,200,fault-HA,3476.68,0.0,0.4991,18,0,0.0,
b2,M07,0,medium,200,steady,4114.98,0.0,0.0,15,0,0.0,
b2,M07,1,medium,200,steady,3958.88,0.0,0.0,19,0,0.0,
b2,M07,2,medium,200,steady,4027.48,0.0,0.0,18,0,0.0,
b2,M07,3,medium,200,steady,4203.97,0.0,0.0,18,0,0.0,
b2,M07,4,medium,200,steady,4324.73,0.0,0.0,15,0,0.0,
b2,M08,0,medium,500,bursty-headroom,3923.73,0.0,0.3913,16,0,0.0,
b2,M08,1,medium,500,bursty-headroom,3909.71,0.0,0.3913,17,0,0.0,
b2,M08,2,medium,500,bursty-headroom,3906.3,0.0,0.3913,17,0,0.0,
b2,M08,3,medium,500,bursty-headroom,4107.67,0.0,0.3913,19,0,0.2,
b2,M08,4,medium,500,bursty-headroom,4238.72,0.0,0.3913,15,0,0.0,
b2,M09,0,medium,200,steady,3977.47,0.0,0.0,19,0,0.0,
b2,M09,1,medium,200,steady,4001.5,0.0,0.0,17,0,0.0,
b2,M09,2,medium,200,steady,4042.02,0.0,0.0,16,0,0.0,
b2,M09,3,medium,200,steady,3931.9,0.0,0.0,18,0,0.0,
b2,M09,4,medium,200,steady,3998.17,0.0,0.0,14,0,0.0,
b2,M10,0,medium,200,steady,3878.49,0.0,0.0878,15,0,0.0,
b2,M10,1,medium,200,steady,3967.18,0.0,0.0878,18,0,0.0,
b2,M10,2,medium,200,steady,3869.25,0.0,0.0878,19,0,0.0,
b2,M10,3,medium,200,steady,3970.24,0.0,0.0878,17,0,0.0,
b2,M10,4,medium,200,steady,4307.7,0.0,0.0878,14,0,0.0,
b2,N02,0,medium,50,steady,3709.47,0.0,0.0,18,0,0.0,
b2,N02,1,medium,50,steady,4081.93,0.0,0.0,20,0,0.0,
b2,N02,2,medium,50,steady,4155.79,0.0,0.0,20,0,0.0,
b2,N02,3,medium,50,steady,3748.59,0.0,0.0,20,0,0.0,
b2,N02,4,medium,50,steady,4136.29,0.0,0.0,16,0,0.0,
b2,N03,0,medium,200,bursty-headroom,3826.14,0.0,0.0,19,0,0.0,
b2,N03,1,medium,200,bursty-headroom,4371.02,0.0,0.0,18,0,0.0,
b2,N03,2,medium,200,bursty-headroom,3677.89,0.0,0.0,17,0,0.0,
b2,N03,3,medium,200,bursty-headroom,3522.41,0.0,0.0,16,0,0.0,
b2,N03,4,medium,200,bursty-headroom,3919.31,0.0,0.0,21,0,0.0,
b2,N04,0,medium,500,sinusoidal-autoscale,3903.34,0.0,0.2515,15,0,0.0,
b2,N04,1,medium,500,sinusoidal-autoscale,3949.41,0.0,0.2515,17,0,0.0,
b2,N04,2,medium,500,sinusoidal-autoscale,3690.22,0.0,0.2515,16,0,0.0,
b2,N04,3,medium,500,sinusoidal-autoscale,4241.96,0.0,0.2515,20,0,0.0,
b2,N04,4,medium,500,sinusoidal-autoscale,4674.2,0.0,0.2515,17,0,0.0,
b2,N05,0,medium,200,sinusoidal-autoscale,4016.4,0.0,0.0,16,0,0.0,
b2,N05,1,medium,200,sinusoidal-autoscale,3550.72,0.0,0.0,15,0,0.0,
b2,N05,2,medium,200,sinusoidal-autoscale,4028.34,0.0,0.0,20,0,0.0,
b2,N05,3,medium,200,sinusoidal-autoscale,3971.29,0.0,0.0,17,0,0.0,
b2,N05,4,medium,200,sinusoidal-autoscale,4252.6,0.0,0.0,19,0,0.0,
b2,N06,0,medium,50,fault-HA,4124.8,0.0,0.4411,18,0,0.2,
b2,N06,1,medium,50,fault-HA,4054.14,0.0,0.4411,18,0,0.0,
b2,N06,2,medium,50,fault-HA,3663.45,0.0,0.4411,18,0,0.0,
b2,N06,3,medium,50,fault-HA,3925.13,0.0,0.4411,18,0,0.0,
b2,N06,4,medium,50,fault-HA,3628.86,0.0,0.4411,18,0,0.0,
b2,N07,0,medium,500,bursty-headroom,4122.93,0.0,0.2515,14,0,0.0,
b2,N07,1,medium,500,bursty-headroom,4093.35,0.0,0.2515,17,0,0.0,
b2,N07,2,medium,500,bursty-headroom,4157.21,0.0,0.2515,19,0,0.0,
b2,N07,3,medium,500,bursty-headroom,3816.0,0.0,0.2515,19,0,0.0,
b2,N07,4,medium,500,bursty-headroom,4292.3,0.0,0.2515,20,0,0.0,
b2,N08,0,medium,200,fault-HA,4208.0,0.0,0.5506,18,0,0.0,
b2,N08,1,medium,200,fault-HA,3837.75,0.0,0.5506,17,0,0.0,
b2,N08,2,medium,200,fault-HA,4471.43,0.0,0.5506,19,0,0.2,
b2,N08,3,medium,200,fault-HA,3956.4,0.0,0.5506,17,0,0.0,
b2,N08,4,medium,200,fault-HA,4122.94,0.0,0.5506,12,0,0.0,
b2,C01,0,complex,500,fault-HA,3815.75,0.0,0.7269,19,0,0.0,
b2,C01,1,complex,500,fault-HA,3998.5,0.0,0.7269,16,0,0.0,
b2,C01,2,complex,500,fault-HA,4102.21,0.0,0.7269,18,0,0.0,
b2,C01,3,complex,500,fault-HA,3806.54,0.0,0.7269,18,0,0.0,
b2,C01,4,complex,500,fault-HA,4084.99,0.0,0.7269,18,0,0.0,
b2,C02,0,complex,500,steady,4080.84,0.0,0.4865,20,0,0.0,
b2,C02,1,complex,500,steady,4034.75,0.0,0.4865,18,0,0.0,
b2,C02,2,complex,500,steady,3816.08,0.0,0.4865,15,0,0.0,
b2,C02,3,complex,500,steady,4223.05,0.0,0.4865,16,0,0.2,
b2,C02,4,complex,500,steady,3832.51,0.0,0.4865,16,0,0.0,
b2,C03,0,complex,200,fault-HA,4020.13,0.0,0.6072,20,0,0.0,
b2,C03,1,complex,200,fault-HA,4058.68,0.0,0.6072,21,0,0.0,
b2,C03,2,complex,200,fault-HA,3915.31,0.0,0.6072,16,0,0.0,
b2,C03,3,complex,200,fault-HA,3550.76,0.0,0.6072,18,0,0.0,
b2,C03,4,complex,200,fault-HA,3758.02,0.0,0.6072,12,0,0.0,
b2,C04,0,complex,200,steady,4172.27,0.0,0.0,20,0,0.0,
b2,C04,1,complex,200,steady,3446.47,0.0,0.0,17,0,0.0,
b2,C04,2,complex,200,steady,3686.61,0.0,0.0,19,0,0.0,
b2,C04,3,complex,200,steady,3894.99,0.0,0.0,21,0,0.0,
b2,C04,4,complex,200,steady,3952.87,0.0,0.0,14,0,0.0,
b2,C05,0,complex,500,bursty-headroom,3769.12,0.0,0.3109,19,0,0.0,
b2,C05,1,complex,500,bursty-headroom,4109.89,0.0,0.3109,16,0,0.0,
b2,C05,2,complex,500,bursty-headroom,3901.37,0.0,0.3109,18,0,0.0,
b2,C05,3,complex,500,bursty-headroom,4377.02,0.0,0.3109,17,0,0.0,
b2,C05,4,complex,500,bursty-headroom,4241.55,0.0,0.3109,20,0,0.0,
b2,C06,0,complex,500,steady,4287.13,0.0,0.5979,17,0,0.0,
b2,C06,1,complex,500,steady,3950.77,0.0,0.5979,13,0,0.0,
b2,C06,2,complex,500,steady,4250.46,0.0,0.5979,20,0,0.0,
b2,C06,3,complex,500,steady,4055.17,0.0,0.5979,15,0,0.0,
b2,C06,4,complex,500,steady,3813.7,0.0,0.5979,15,0,0.0,
b2,C07,0,complex,200,fault-HA,3718.72,0.0,0.4291,13,0,0.0,
b2,C07,1,complex,200,fault-HA,3734.37,0.0,0.4291,18,0,0.2,
b2,C07,2,complex,200,fault-HA,3937.59,0.0,0.4291,18,0,0.0,
b2,C07,3,complex,200,fault-HA,3977.67,0.0,0.4291,18,0,0.0,
b2,C07,4,complex,200,fault-HA,3743.98,0.0,0.4291,20,0,0.0,
b2,C08,0,complex,500,steady,3907.21,0.0,0.5737,14,0,0.0,
b2,C08,1,complex,500,steady,3662.74,0.0,0.5737,17,0,0.0,
b2,C08,2,complex,500,steady,3896.84,0.0,0.5737,16,0,0.0,
b2,C08,3,complex,500,steady,4168.56,0.0,0.5737,18,0,0.0,
b2,C08,4,complex,500,steady,4046.8,0.0,0.5737,17,0,0.0,
b2,C09,0,complex,50,steady,3820.39,0.0,0.0,18,0,0.0,
b2,C09,1,complex,50,steady,3979.8,0.0,0.0,16,0,0.0,
b2,C09,2,complex,50,steady,4262.12,0.0,0.0,16,0,0.0,
b2,C09,3,complex,50,steady,4007.94,0.0,0.0,13,0,0.0,
b2,C09,4,complex,50,steady,4093.59,0.0,0.0,18,0,0.0,
b2,N09,0,complex,200,bursty-headroom,4197.7,0.0,0.0,21,0,0.2,
b2,N09,1,complex,200,bursty-headroom,3651.74,0.0,0.0,20,0,0.0,
b2,N09,2,complex,200,bursty-headroom,4021.76,0.0,0.0,20,0,0.0,
b2,N09,3,complex,200,bursty-headroom,4009.0,0.0,0.0,15,0,0.0,
b2,N09,4,complex,200,bursty-headroom,3820.53,0.0,0.0,16,0,0.0,
b2,N10,0,complex,200,sinusoidal-autoscale,3812.54,0.0,0.0,19,0,0.0,
b2,N10,1,complex,200,sinusoidal-autoscale,3607.09,0.0,0.0,20,0,0.0,
b2,N10,2,complex,200,sinusoidal-autoscale,3664.11,0.0,0.0,13,0,0.0,
b2,N10,3,complex,200,sinusoidal-autoscale,3832.19,0.0,0.0,20,0,0.0,
b2,N10,4,complex,200,sinusoidal-autoscale,3911.46,0.0,0.0,19,0,0.0,
b2,N11,0,complex,500,sinusoidal-autoscale,4131.18,0.0,0.2412,21,0,0.0,
b2,N11,1,complex,500,sinusoidal-autoscale,3446.64,0.0,0.2412,18,0,0.0,
b2,N11,2,complex,500,sinusoidal-autoscale,4024.24,0.0,0.2412,16,0,0.0,
b2,N11,3,complex,500,sinusoidal-autoscale,4015.26,0.0,0.2412,21,0,0.0,
b2,N11,4,complex,500,sinusoidal-autoscale,3780.05,0.0,0.2412,19,0,0.0,
b3,S01,0,simple,50,steady,0.0,0.0,0.7954,0,0,0.0,
b3,S01,1,simple,50,steady,0.0,0.0,0.7954,0,0,0.0,
b3,S01,2,simple,50,steady,0.0,0.0,0.7954,0,0,0.0,
b3,S01,3,simple,50,steady,0.0,0.0,0.7954,0,0,0.0,
b3,S01,4,simple,50,steady,0.0,0.0,0.7954,0,0,0.0,
b3,S02,0,simple,200,steady,0.0,0.0,0.0541,0,0,0.0,
b3,S02,1,simple,200,steady,0.0,0.0,0.0541,0,0,0.0,
b3,S02,2,simple,200,steady,0.0,0.0,0.0541,0,0,0.0,
b3,S02,3,simple,200,steady,0.0,0.0,0.0541,0,0,0.0,
b3,S02,4,simple,200,steady,0.0,0.0,0.0541,0,0,0.0,
b3,S03,0,simple,50,steady,0.0,0.0,0.8084,0,0,0.0,
b3,S03,1,simple,50,steady,0.0,0.0,0.8084,0,0,0.0,
b3,S03,2,simple,50,steady,0.0,0.0,0.8084,0,0,0.0,
b3,S03,3,simple,50,steady,0.0,0.0,0.8084,0,0,0.0,
b3,S03,4,simple,50,steady,0.0,0.0,0.8084,0,0,0.0,
b3,S04,0,simple,50,steady,0.0,0.0,0.7954,0,0,0.0,
b3,S04,1,simple,50,steady,0.0,0.0,0.7954,0,0,0.0,
b3,S04,2,simple,50,steady,0.0,0.0,0.7954,0,0,0.0,
b3,S04,3,simple,50,steady,0.0,0.0,0.7954,0,0,0.0,
b3,S04,4,simple,50,steady,0.0,0.0,0.7954,0,0,0.0,
b3,S05,0,simple,200,steady,0.0,0.0,0.1821,0,0,0.0,
b3,S05,1,simple,200,steady,0.0,0.0,0.1821,0,0,0.0,
b3,S05,2,simple,200,steady,0.0,0.0,0.1821,0,0,0.0,
b3,S05,3,simple,200,steady,0.0,0.0,0.1821,0,0,0.0,
b3,S05,4,simple,200,steady,0.0,0.0,0.1821,0,0,0.0,
b3,S06,0,simple,50,steady,0.0,0.0,0.8109,0,0,0.0,
b3,S06,1,simple,50,steady,0.0,0.0,0.8109,0,0,0.0,
b3,S06,2,simple,50,steady,0.0,0.0,0.8109,0,0,0.0,
b3,S06,3,simple,50,steady,0.0,0.0,0.8109,0,0,0.0,
b3,S06,4,simple,50,steady,0.0,0.0,0.8109,0,0,0.0,
b3,N01,0,simple,500,steady,0.0,0.0,0.0,0,0,0.0,
b3,N01,1,simple,500,steady,0.0,0.0,0.0,0,0,0.0,
b3,N01,2,simple,500,steady,0.0,0.0,0.0,0,0,0.0,
b3,N01,3,simple,500,steady,0.0,0.0,0.0,0,0,0.0,
b3,N01,4,simple,500,steady,0.0,0.0,0.0,0,0,0.0,
b3,M01,0,medium,500,steady,0.0,0.0,0.0,0,0,0.0,
b3,M01,1,medium,500,steady,0.0,0.0,0.0,0,0,0.0,
b3,M01,2,medium,500,steady,0.0,0.0,0.0,0,0,0.0,
b3,M01,3,medium,500,steady,0.0,0.0,0.0,0,0,0.0,
b3,M01,4,medium,500,steady,0.0,0.0,0.0,0,0,0.0,
b3,M02,0,medium,200,steady,0.0,0.0,0.282,1,0,0.0,
b3,M02,1,medium,200,steady,0.0,0.0,0.282,1,0,0.0,
b3,M02,2,medium,200,steady,0.0,0.0,0.282,1,0,0.0,
b3,M02,3,medium,200,steady,0.0,0.0,0.282,1,0,0.0,
b3,M02,4,medium,200,steady,0.0,0.0,0.282,1,0,0.0,
b3,M03,0,medium,500,fault-HA,0.0,0.0,0.4239,0,0,0.0,
b3,M03,1,medium,500,fault-HA,0.0,0.0,0.4239,0,0,0.0,
b3,M03,2,medium,500,fault-HA,0.0,0.0,0.4239,0,0,0.0,
b3,M03,3,medium,500,fault-HA,0.0,0.0,0.4239,0,0,0.0,
b3,M03,4,medium,500,fault-HA,0.0,0.0,0.4239,0,0,0.0,
b3,M04,0,medium,500,steady,0.0,0.0,0.2101,0,0,0.0,
b3,M04,1,medium,500,steady,0.0,0.0,0.2101,0,0,0.0,
b3,M04,2,medium,500,steady,0.0,0.0,0.2101,0,0,0.0,
b3,M04,3,medium,500,steady,0.0,0.0,0.2101,0,0,0.0,
b3,M04,4,medium,500,steady,0.0,0.0,0.2101,0,0,0.0,
b3,M05,0,medium,500,steady,0.0,0.0,0.399,0,0,0.0,
b3,M05,1,medium,500,steady,0.0,0.0,0.399,0,0,0.0,
b3,M05,2,medium,500,steady,0.0,0.0,0.399,0,0,0.0,
b3,M05,3,medium,500,steady,0.0,0.0,0.399,0,0,0.0,
b3,M05,4,medium,500,steady,0.0,0.0,0.399,0,0,0.0,
b3,M06,0,medium,200,fault-HA,0.0,0.0,0.6522,0,0,0.0,
b3,M06,1,medium,200,fault-HA,0.0,0.0,0.6522,0,0,0.0,
b3,M06,2,medium,200,fault-HA,0.0,0.0,0.6522,0,0,0.0,
b3,M06,3,medium,200,fault-HA,0.0,0.0,0.6522,0,0,0.0,
b3,M06,4,medium,200,fault-HA,0.0,0.0,0.6522,0,0,0.0,
b3,M07,0,medium,200,steady,0.0,0.0,0.1236,1,0,0.0,
b3,M07,1,medium,200,steady,0.0,0.0,0.1236,1,0,0.0,
b3,M07,2,medium,200,steady,0.0,0.0,0.1236,1,0,0.0,
b3,M07,3,medium,200,steady,0.0,0.0,0.1236,1,0,0.0,
b3,M07,4,medium,200,steady,0.0,0.0,0.1236,1,0,0.0,
b3,M08,0,medium,500,bursty-headroom,0.0,0.0,0.4973,0,0,0.0,
b3,M08,1,medium,500,bursty-headroom,0.0,0.0,0.4973,0,0,0.0,
b3,M08,2,medium,500,bursty-headroom,0.0,0.0,0.4973,0,0,0.0,
b3,M08,3,medium,500,bursty-headroom,0.0,0.0,0.4973,0,0,0.0,
b3,M08,4,medium,500,bursty-headroom,0.0,0.0,0.4973,0,0,0.0,
b3,M09,0,medium,200,steady,0.0,0.0,0.1815,0,0,0.0,
b3,M09,1,medium,200,steady,0.0,0.0,0.1815,0,0,0.0,
b3,M09,2,medium,200,steady,0.0,0.0,0.1815,0,0,0.0,
b3,M09,3,medium,200,steady,0.0,0.0,0.1815,0,0,0.0,
b3,M09,4,medium,200,steady,0.0,0.0,0.1815,0,0,0.0,
b3,M10,0,medium,200,steady,0.0,0.0,0.2842,1,0,0.0,
b3,M10,1,medium,200,steady,0.0,0.0,0.2842,1,0,0.0,
b3,M10,2,medium,200,steady,0.0,0.0,0.2842,1,0,0.0,
b3,M10,3,medium,200,steady,0.0,0.0,0.2842,1,0,0.0,
b3,M10,4,medium,200,steady,0.0,0.0,0.2842,1,0,0.0,
b3,N02,0,medium,50,steady,0.0,0.0,0.8089,0,0,0.0,
b3,N02,1,medium,50,steady,0.0,0.0,0.8089,0,0,0.0,
b3,N02,2,medium,50,steady,0.0,0.0,0.8089,0,0,0.0,
b3,N02,3,medium,50,steady,0.0,0.0,0.8089,0,0,0.0,
b3,N02,4,medium,50,steady,0.0,0.0,0.8089,0,0,0.0,
b3,N03,0,medium,200,bursty-headroom,0.0,0.0,0.1821,0,0,0.0,
b3,N03,1,medium,200,bursty-headroom,0.0,0.0,0.1821,0,0,0.0,
b3,N03,2,medium,200,bursty-headroom,0.0,0.0,0.1821,0,0,0.0,
b3,N03,3,medium,200,bursty-headroom,0.0,0.0,0.1821,0,0,0.0,
b3,N03,4,medium,200,bursty-headroom,0.0,0.0,0.1821,0,0,0.0,
b3,N04,0,medium,500,sinusoidal-autoscale,0.0,0.0,0.0,0,0,0.0,
b3,N04,1,medium,500,sinusoidal-autoscale,0.0,0.0,0.0,0,0,0.0,
b3,N04,2,medium,500,sinusoidal-autoscale,0.0,0.0,0.0,0,0,0.0,
b3,N04,3,medium,500,sinusoidal-autoscale,0.0,0.0,0.0,0,0,0.0,
b3,N04,4,medium,500,sinusoidal-autoscale,0.0,0.0,0.0,0,0,0.0,
b3,N05,0,medium,200,sinusoidal-autoscale,0.0,0.0,0.1815,0,0,0.0,
b3,N05,1,medium,200,sinusoidal-autoscale,0.0,0.0,0.1815,0,0,0.0,
b3,N05,2,medium,200,sinusoidal-autoscale,0.0,0.0,0.1815,0,0,0.0,
b3,N05,3,medium,200,sinusoidal-autoscale,0.0,0.0,0.1815,0,0,0.0,
b3,N05,4,medium,200,sinusoidal-autoscale,0.0,0.0,0.1815,0,0,0.0,
b3,N06,0,medium,50,fault-HA,0.0,0.0,0.6336,1,0,0.0,
b3,N06,1,medium,50,fault-HA,0.0,0.0,0.6336,1,0,0.0,
b3,N06,2,medium,50,fault-HA,0.0,0.0,0.6336,1,0,0.0,
b3,N06,3,medium,50,fault-HA,0.0,0.0,0.6336,1,0,0.0,
b3,N06,4,medium,50,fault-HA,0.0,0.0,0.6336,1,0,0.0,
b3,N07,0,medium,500,bursty-headroom,0.0,0.0,0.0,1,0,0.0,
b3,N07,1,medium,500,bursty-headroom,0.0,0.0,0.0,1,0,0.0,
b3,N07,2,medium,500,bursty-headroom,0.0,0.0,0.0,1,0,0.0,
b3,N07,3,medium,500,bursty-headroom,0.0,0.0,0.0,1,0,0.0,
b3,N07,4,medium,500,bursty-headroom,0.0,0.0,0.0,1,0,0.0,
b3,N08,0,medium,200,fault-HA,0.0,0.0,0.6871,0,0,0.0,
b3,N08,1,medium,200,fault-HA,0.0,0.0,0.6871,0,0,0.0,
b3,N08,2,medium,200,fault-HA,0.0,0.0,0.6871,0,0,0.0,
b3,N08,3,medium,200,fault-HA,0.0,0.0,0.6871,0,0,0.0,
b3,N08,4,medium,200,fault-HA,0.0,0.0,0.6871,0,0,0.0,
b3,C01,0,complex,500,fault-HA,0.0,0.0,0.1262,1,0,0.0,
b3,C01,1,complex,500,fault-HA,0.0,0.0,0.1262,1,0,0.0,
b3,C01,2,complex,500,fault-HA,0.0,0.0,0.1262,1,0,0.0,
b3,C01,3,complex,500,fault-HA,0.0,0.0,0.1262,1,0,0.0,
b3,C01,4,complex,500,fault-HA,0.0,0.0,0.1262,1,0,0.0,
b3,C02,0,complex,500,steady,0.0,0.0,0.5324,1,0,0.0,
b3,C02,1,complex,500,steady,0.0,0.0,0.5324,1,0,0.0,
b3,C02,2,complex,500,steady,0.0,0.0,0.5324,1,0,0.0,
b3,C02,3,complex,500,steady,0.0,0.0,0.5324,1,0,0.0,
b3,C02,4,complex,500,steady,0.0,0.0,0.5324,1,0,0.0,
b3,C03,0,complex,200,fault-HA,0.0,0.0,0.7346,1,0,0.0,
b3,C03,1,complex,200,fault-HA,0.0,0.0,0.7346,1,0,0.0,
b3,C03,2,complex,200,fault-HA,0.0,0.0,0.7346,1,0,0.0,
b3,C03,3,complex,200,fault-HA,0.0,0.0,0.7346,1,0,0.0,
b3,C03,4,complex,200,fault-HA,0.0,0.0,0.7346,1,0,0.0,
b3,C04,0,complex,200,steady,0.0,0.0,0.1236,1,0,0.0,
b3,C04,1,complex,200,steady,0.0,0.0,0.1236,1,0,0.0,
b3,C04,2,complex,200,steady,0.0,0.0,0.1236,1,0,0.0,
b3,C04,3,complex,200,steady,0.0,0.0,0.1236,1,0,0.0,
b3,C04,4,complex,200,steady,0.0,0.0,0.1236,1,0,0.0,
b3,C05,0,complex,500,bursty-headroom,0.0,0.0,0.4405,1,0,0.0,
b3,C05,1,complex,500,bursty-headroom,0.0,0.0,0.4405,1,0,0.0,
b3,C05,2,complex,500,bursty-headroom,0.0,0.0,0.4405,1,0,0.0,
b3,C05,3,complex,500,bursty-headroom,0.0,0.0,0.4405,1,0,0.0,
b3,C05,4,complex,500,bursty-headroom,0.0,0.0,0.4405,1,0,0.0,
b3,C06,0,complex,500,steady,0.0,0.0,0.0,1,0,0.0,
b3,C06,1,complex,500,steady,0.0,0.0,0.0,1,0,0.0,
b3,C06,2,complex,500,steady,0.0,0.0,0.0,1,0,0.0,
b3,C06,3,complex,500,steady,0.0,0.0,0.0,1,0,0.0,
b3,C06,4,complex,500,steady,0.0,0.0,0.0,1,0,0.0,
b3,C07,0,complex,200,fault-HA,0.0,0.0,0.5822,1,0,0.0,
b3,C07,1,complex,200,fault-HA,0.0,0.0,0.5822,1,0,0.0,
b3,C07,2,complex,200,fault-HA,0.0,0.0,0.5822,1,0,0.0,
b3,C07,3,complex,200,fault-HA,0.0,0.0,0.5822,1,0,0.0,
b3,C07,4,complex,200,fault-HA,0.0,0.0,0.5822,1,0,0.0,
b3,C08,0,complex,500,steady,0.0,0.0,0.0,1,0,0.0,
b3,C08,1,complex,500,steady,0.0,0.0,0.0,1,0,0.0,
b3,C08,2,complex,500,steady,0.0,0.0,0.0,1,0,0.0,
b3,C08,3,complex,500,steady,0.0,0.0,0.0,1,0,0.0,
b3,C08,4,complex,500,steady,0.0,0.0,0.0,1,0,0.0,
b3,C09,0,complex,50,steady,0.0,0.0,0.8084,0,0,0.0,
b3,C09,1,complex,50,steady,0.0,0.0,0.8084,0,0,0.0,
b3,C09,2,complex,50,steady,0.0,0.0,0.8084,0,0,0.0,
b3,C09,3,complex,50,steady,0.0,0.0,0.8084,0,0,0.0,
b3,C09,4,complex,50,steady,0.0,0.0,0.8084,0,0,0.0,
b3,N09,0,complex,200,bursty-headroom,0.0,0.0,0.1607,1,0,0.0,
b3,N09,1,complex,200,bursty-headroom,0.0,0.0,0.1607,1,0,0.0,
b3,N09,2,complex,200,bursty-headroom,0.0,0.0,0.1607,1,0,0.0,
b3,N09,3,complex,200,bursty-headroom,0.0,0.0,0.1607,1,0,0.0,
b3,N09,4,complex,200,bursty-headroom,0.0,0.0,0.1607,1,0,0.0,
b3,N10,0,complex,200,sinusoidal-autoscale,0.0,0.0,0.1821,1,0,0.0,
b3,N10,1,complex,200,sinusoidal-autoscale,0.0,0.0,0.1821,1,0,0.0,
b3,N10,2,complex,200,sinusoidal-autoscale,0.0,0.0,0.1821,1,0,0.0,
b3,N10,3,complex,200,sinusoidal-autoscale,0.0,0.0,0.1821,1,0,0.0,
b3,N10,4,complex,200,sinusoidal-autoscale,0.0,0.0,0.1821,1,0,0.0,
b3,N11,0,complex,500,sinusoidal-autoscale,0.0,0.0,0.0,1,0,0.0,
b3,N11,1,complex,500,sinusoidal-autoscale,0.0,0.0,0.0,1,0,0.0,
b3,N11,2,complex,500,sinusoidal-autoscale,0.0,0.0,0.0,1,0,0.0,
b3,N11,3,complex,500,sinusoidal-autoscale,0.0,0.0,0.0,1,0,0.0,
b3,N11,4,complex,500,sinusoidal-autoscale,0.0,0.0,0.0,1,0,0.0,
b4,S01,0,simple,50,steady,36.582,0.125,0.6759,0,0,0.0,
b4,S01,1,simple,50,steady,31.279,1.0,0.6819,0,0,0.0,
b4,S01,2,simple,50,steady,28.229,1.0,0.3564,0,0,0.0,
b4,S01,3,simple,50,steady,32.515,1.0,0.7399,0,0,0.0,
b4,S01,4,simple,50,steady,35.452,1.0,0.3564,0,0,0.0,
b4,S02,0,simple,200,steady,35.841,1.0,0.3507,0,0,0.0,
b4,S02,1,simple,200,steady,26.789,1.0,0.7776,0,0,0.0,
b4,S02,2,simple,200,steady,30.788,1.0,0.3911,0,0,0.0,
b4,S02,3,simple,200,steady,25.863,1.0,0.0759,0,0,0.0,
b4,S02,4,simple,200,steady,27.652,1.0,0.3911,0,0,0.0,
b4,S03,0,simple,50,steady,33.466,1.0,0.7776,0,0,0.0,
b4,S03,1,simple,50,steady,34.317,1.0,0.7091,0,0,0.0,
b4,S03,2,simple,50,steady,28.771,0.125,0.3663,0,0,0.0,
b4,S03,3,simple,50,steady,27.934,0.125,0.7344,0,0,0.0,
b4,S03,4,simple,50,steady,31.818,1.0,0.7776,0,0,0.0,
b4,S04,0,simple,50,steady,30.792,1.0,0.3199,0,0,0.0,
b4,S04,1,simple,50,steady,30.42,1.0,0.3199,0,0,0.0,
b4,S04,2,simple,50,steady,28.582,1.0,0.4961,0,0,0.0,
b4,S04,3,simple,50,steady,27.238,1.0,0.3199,0,0,0.0,
b4,S04,4,simple,50,steady,29.938,1.0,0.3199,0,0,0.0,
b4,S05,0,simple,200,steady,28.835,1.0,0.4441,0,0,0.0,
b4,S05,1,simple,200,steady,31.323,1.0,0.7176,0,0,0.0,
b4,S05,2,simple,200,steady,29.292,1.0,0.7781,0,0,0.0,
b4,S05,3,simple,200,steady,29.064,1.0,0.0,0,0,0.0,
b4,S05,4,simple,200,steady,28.157,1.0,0.4177,0,0,0.0,
b4,S06,0,simple,50,steady,10.606,1.0,0.5025,1,0,0.0,
b4,S06,1,simple,50,steady,10.151,0.0,0.5025,1,0,0.0,
b4,S06,2,simple,50,steady,12.393,1.0,0.6615,1,0,0.0,
b4,S06,3,simple,50,steady,11.587,1.0,0.0255,1,0,0.0,
b4,S06,4,simple,50,steady,10.42,1.0,0.3847,1,0,0.0,
b4,N01,0,simple,500,steady,32.491,1.0,0.7419,0,0,0.0,
b4,N01,1,simple,500,steady,31.625,1.0,0.5011,0,0,0.0,
b4,N01,2,simple,500,steady,29.123,1.0,0.5011,0,0,0.0,
b4,N01,3,simple,500,steady,31.066,1.0,0.0,0,0,0.0,
b4,N01,4,simple,500,steady,29.275,1.0,0.375,0,0,0.0,
b4,M01,0,medium,500,steady,28.117,1.0,0.7353,0,0,0.0,
b4,M01,1,medium,500,steady,30.07,1.0,0.1241,0,0,0.0,
b4,M01,2,medium,500,steady,28.577,1.0,0.0629,0,0,0.0,
b4,M01,3,medium,500,steady,27.855,1.0,0.0931,0,0,0.0,
b4,M01,4,medium,500,steady,30.065,1.0,0.7591,0,0,0.0,
b4,M02,0,medium,200,steady,26.577,1.0,0.7881,0,0,0.0,
b4,M02,1,medium,200,steady,26.929,1.0,0.6103,0,0,0.0,
b4,M02,2,medium,200,steady,25.637,1.0,0.6557,0,0,0.0,
b4,M02,3,medium,200,steady,33.098,0.125,0.5599,0,0,0.0,
b4,M02,4,medium,200,steady,27.959,1.0,0.6557,0,0,0.0,
b4,M03,0,medium,500,fault-HA,25.844,1.0,0.3222,0,0,0.0,
b4,M03,1,medium,500,fault-HA,26.779,1.0,0.0,0,0,0.0,
b4,M03,2,medium,500,fault-HA,31.568,0.125,0.7441,0,0,0.0,
b4,M03,3,medium,500,fault-HA,25.801,0.125,0.7348,0,0,0.0,
b4,M03,4,medium,500,fault-HA,26.036,1.0,0.5254,0,0,0.0,
b4,M04,0,medium,500,steady,29.647,1.0,0.5299,0,0,0.0,
b4,M04,1,medium,500,steady,28.401,1.0,0.6175,0,0,0.0,
b4,M04,2,medium,500,steady,34.123,0.125,0.5084,0,0,0.0,
b4,M04,3,medium,500,steady,30.835,1.0,0.6224,0,0,0.0,
b4,M04,4,medium,500,steady,34.633,1.0,0.5065,0,0,0.0,
b4,M05,0,medium,500,steady,30.193,1.0,0.4351,0,0,0.0,
b4,M05,1,medium,500,steady,27.6,1.0,0.4556,0,0,0.0,
b4,M05,2,medium,500,steady,27.872,0.125,0.4317,0,0,0.0,
b4,M05,3,medium,500,steady,29.672,1.0,0.3515,0,0,0.0,
b4,M05,4,medium,500,steady,25.836,1.0,0.4387,0,0,0.0,
b4,M06,0,medium,200,fault-HA,30.555,1.0,0.7632,0,0,0.0,
b4,M06,1,medium,200,fault-HA,30.844,1.0,0.7144,0,0,0.0,
b4,M06,2,medium,200,fault-HA,33.162,1.0,0.6121,0,0,0.0,
b4,M06,3,medium,200,fault-HA,32.514,0.125,0.7056,0,0,0.0,
b4,M06,4,medium,200,fault-HA,30.684,1.0,0.7116,0,0,0.0,
b4,M07,0,medium,200,steady,31.09,1.0,0.609,0,0,0.0,
b4,M07,1,medium,200,steady,34.222,1.0,0.5638,0,0,0.0,
b4,M07,2,medium,200,steady,31.47,1.0,0.2353,0,0,0.0,
b4,M07,3,medium,200,steady,28.843,0.125,0.1552,0,0,0.0,
b4,M07,4,medium,200,steady,30.268,1.0,0.2479,0,0,0.0,
b4,M08,0,medium,500,bursty-headroom,30.686,1.0,0.4513,0,0,0.0,
b4,M08,1,medium,500,bursty-headroom,28.073,1.0,0.2779,0,0,0.0,
b4,M08,2,medium,500,bursty-headroom,27.953,1.0,0.4566,0,0,0.0,
b4,M08,3,medium,500,bursty-headroom,26.312,1.0,0.4341,0,0,0.0,
b4,M08,4,medium,500,bursty-headroom,25.352,1.0,0.4391,0,0,0.0,
b4,M09,0,medium,200,steady,29.8,1.0,0.4575,0,0,0.0,
b4,M09,1,medium,200,steady,28.706,1.0,0.297,0,0,0.0,
b4,M09,2,medium,200,steady,30.389,1.0,0.6996,0,0,0.0,
b4,M09,3,medium,200,steady,32.529,1.0,0.3652,0,0,0.0,
b4,M09,4,medium,200,steady,33.846,1.0,0.2583,0,0,0.0,
b4,M10,0,medium,200,steady,37.736,1.0,0.3183,0,0,0.0,
b4,M10,1,medium,200,steady,32.127,0.125,0.7204,0,0,0.0,
b4,M10,2,medium,200,steady,28.713,1.0,0.2369,0,0,0.0,
b4,M10,3,medium,200,steady,38.402,1.0,0.4242,0,0,0.0,
b4,M10,4,medium,200,steady,28.785,1.0,0.6547,0,0,0.0,
b4,N02,0,medium,50,steady,27.115,1.0,0.3259,0,0,0.0,
b4,N02,1,medium,50,steady,26.701,1.0,0.6874,0,0,0.0,
b4,N02,2,medium,50,steady,31.815,1.0,0.0734,0,0,0.0,
b4,N02,3,medium,50,steady,30.454,1.0,0.6617,0,0,0.0,
b4,N02,4,medium,50,steady,28.706,0.125,0.507,0,0,0.0,
b4,N03,0,medium,200,bursty-headroom,28.52,1.0,0.643,0,0,0.0,
b4,N03,1,medium,200,bursty-headroom,30.788,0.125,0.6907,0,0,0.0,
b4,N03,2,medium,200,bursty-headroom,30.482,1.0,0.6907,0,0,0.0,
b4,N03,3,medium,200,bursty-headroom,27.502,0.125,0.643,0,0,0.0,
b4,N03,4,medium,200,bursty-headroom,27.568,1.0,0.5376,0,0,0.0,
b4,N04,0,medium,500,sinusoidal-autoscale,28.177,1.0,0.7246,1,0,0.0,
b4,N04,1,medium,500,sinusoidal-autoscale,32.038,1.0,0.7689,1,0,0.0,
b4,N04,2,medium,500,sinusoidal-autoscale,32.815,1.0,0.3836,1,0,0.0,
b4,N04,3,medium,500,sinusoidal-autoscale,31.467,1.0,0.7689,1,0,0.0,
b4,N04,4,medium,500,sinusoidal-autoscale,28.569,1.0,0.6624,1,0,0.0,
b4,N05,0,medium,200,sinusoidal-autoscale,32.552,1.0,0.7041,1,0,0.0,
b4,N05,1,medium,200,sinusoidal-autoscale,39.646,1.0,0.7915,1,0,0.0,
b4,N05,2,medium,200,sinusoidal-autoscale,30.933,1.0,0.0,1,0,0.0,
b4,N05,3,medium,200,sinusoidal-autoscale,32.412,0.125,0.7041,1,0,0.0,
b4,N05,4,medium,200,sinusoidal-autoscale,26.224,1.0,0.6118,1,0,0.0,
b4,N06,0,medium,50,fault-HA,35.001,1.0,0.7085,0,0,0.0,
b4,N06,1,medium,50,fault-HA,31.687,1.0,0.6187,0,0,0.0,
b4,N06,2,medium,50,fault-HA,32.976,1.0,0.6575,0,0,0.0,
b4,N06,3,medium,50,fault-HA,32.644,0.125,0.6851,0,0,0.0,
b4,N06,4,medium,50,fault-HA,32.629,1.0,0.6854,0,0,0.0,
b4,N07,0,medium,500,bursty-headroom,29.345,1.0,0.7396,0,0,0.0,
b4,N07,1,medium,500,bursty-headroom,27.936,1.0,0.1496,0,0,0.0,
b4,N07,2,medium,500,bursty-headroom,29.704,1.0,0.6772,0,0,0.0,
b4,N07,3,medium,500,bursty-headroom,30.134,1.0,0.536,0,0,0.0,
b4,N07,4,medium,500,bursty-headroom,33.727,1.0,0.4346,0,0,0.0,
b4,N08,0,medium,200,fault-HA,31.419,1.0,0.7471,0,0,0.0,
b4,N08,1,medium,200,fault-HA,29.987,1.0,0.6359,0,0,0.0,
b4,N08,2,medium,200,fault-HA,30.003,1.0,0.6954,0,0,0.0,
b4,N08,3,medium,200,fault-HA,34.133,1.0,0.6359,0,0,0.0,
b4,N08,4,medium,200,fault-HA,32.006,1.0,0.7455,0,0,0.0,
b4,C01,0,complex,500,fault-HA,32.311,1.0,0.6849,0,0,0.0,
b4,C01,1,complex,500,fault-HA,27.091,1.0,0.6444,0,0,0.0,
b4,C01,2,complex,500,fault-HA,29.745,1.0,0.6073,0,0,0.0,
b4,C01,3,complex,500,fault-HA,31.363,0.125,0.6849,0,0,0.0,
b4,C01,4,complex,500,fault-HA,30.067,1.0,0.7256,0,0,0.0,
b4,C02,0,complex,500,steady,27.823,1.0,0.5081,0,0,0.0,
b4,C02,1,complex,500,steady,34.142,1.0,0.4374,0,0,0.0,
b4,C02,2,complex,500,steady,30.906,1.0,0.4433,0,0,0.0,
b4,C02,3,complex,500,steady,33.17,0.125,0.4729,0,0,0.0,
b4,C02,4,complex,500,steady,30.854,1.0,0.5044,0,0,0.0,
b4,C03,0,complex,200,fault-HA,30.538,1.0,0.8039,0,0,0.0,
b4,C03,1,complex,200,fault-HA,32.979,1.0,0.7091,0,0,0.0,
b4,C03,2,complex,200,fault-HA,33.451,1.0,0.8055,0,0,0.0,
b4,C03,3,complex,200,fault-HA,32.641,1.0,0.0,0,0,0.0,
b4,C03,4,complex,200,fault-HA,30.732,1.0,0.0,0,0,0.0,
b4,C04,0,complex,200,steady,27.562,1.0,0.0,0,0,0.0,
b4,C04,1,complex,200,steady,46.311,1.0,0.0352,0,0,0.0,
b4,C04,2,complex,200,steady,28.669,1.0,0.4134,0,0,0.0,
b4,C04,3,complex,200,steady,31.99,1.0,0.5292,0,0,0.0,
b4,C04,4,complex,200,steady,29.703,0.125,0.408,0,0,0.0,
b4,C05,0,complex,500,bursty-headroom,29.505,1.0,0.309,0,0,0.0,
b4,C05,1,complex,500,bursty-headroom,28.311,1.0,0.3678,0,0,0.0,
b4,C05,2,complex,500,bursty-headroom,28.399,1.0,0.0,0,0,0.0,
b4,C05,3,complex,500,bursty-headroom,31.85,1.0,0.0,0,0,0.0,
b4,C05,4,complex,500,bursty-headroom,31.095,1.0,0.1691,0,0,0.0,
b4,C06,0,complex,500,steady,32.332,1.0,0.708,0,0,0.0,
b4,C06,1,complex,500,steady,28.605,1.0,0.7259,0,0,0.0,
b4,C06,2,complex,500,steady,26.628,1.0,0.6693,0,0,0.0,
b4,C06,3,complex,500,steady,27.442,0.125,0.6693,0,0,0.0,
b4,C06,4,complex,500,steady,27.407,1.0,0.6973,0,0,0.0,
b4,C07,0,complex,200,fault-HA,33.641,1.0,0.6702,0,0,0.0,
b4,C07,1,complex,200,fault-HA,35.753,0.2222,0.0,0,0,0.0,
b4,C07,2,complex,200,fault-HA,34.683,1.0,0.1754,0,0,0.0,
b4,C07,3,complex,200,fault-HA,34.41,1.0,0.5771,0,0,0.0,
b4,C07,4,complex,200,fault-HA,32.466,1.0,0.5594,0,0,0.0,
b4,C08,0,complex,500,steady,31.948,1.0,0.711,0,0,0.0,
b4,C08,1,complex,500,steady,27.885,0.125,0.5341,0,0,0.0,
b4,C08,2,complex,500,steady,35.442,1.0,0.694,0,0,0.0,
b4,C08,3,complex,500,steady,31.894,1.0,0.711,0,0,0.0,
b4,C08,4,complex,500,steady,32.982,1.0,0.5856,0,0,0.0,
b4,C09,0,complex,50,steady,26.83,1.0,0.3014,0,0,0.0,
b4,C09,1,complex,50,steady,31.068,1.0,0.6937,0,0,0.0,
b4,C09,2,complex,50,steady,28.531,1.0,0.7091,0,0,0.0,
b4,C09,3,complex,50,steady,29.031,1.0,0.7993,0,0,0.0,
b4,C09,4,complex,50,steady,28.829,1.0,0.3014,0,0,0.0,
b4,N09,0,complex,200,bursty-headroom,28.253,1.0,0.6271,0,0,0.0,
b4,N09,1,complex,200,bursty-headroom,31.584,1.0,0.5973,0,0,0.0,
b4,N09,2,complex,200,bursty-headroom,30.542,1.0,0.5973,0,0,0.0,
b4,N09,3,complex,200,bursty-headroom,33.066,0.125,0.6271,0,0,0.0,
b4,N09,4,complex,200,bursty-headroom,28.191,1.0,0.4407,0,0,0.0,
b4,N10,0,complex,200,sinusoidal-autoscale,29.773,1.0,0.2829,1,0,0.0,
b4,N10,1,complex,200,sinusoidal-autoscale,29.502,1.0,0.0,1,0,0.0,
b4,N10,2,complex,200,sinusoidal-autoscale,32.927,0.125,0.6101,1,0,0.0,
b4,N10,3,complex,200,sinusoidal-autoscale,29.614,0.125,0.0,1,0,0.0,
b4,N10,4,complex,200,sinusoidal-autoscale,34.48,1.0,0.2829,1,0,0.0,
b4,N11,0,complex,500,sinusoidal-autoscale,30.88,1.0,0.592,1,0,0.0,
b4,N11,1,complex,500,sinusoidal-autoscale,33.768,0.125,0.4454,1,0,0.0,
b4,N11,2,complex,500,sinusoidal-autoscale,30.959,1.0,0.4215,1,0,0.0,
b4,N11,3,complex,500,sinusoidal-autoscale,28.834,1.0,0.7254,1,0,0.0,
b4,N11,4,complex,500,sinusoidal-autoscale,29.853,1.0,0.3404,1,0,0.0,
mas,S01,0,simple,50,steady,139.854,0.0,0.926,0,1,0.2,
mas,S01,1,simple,50,steady,139.566,0.0,0.926,0,1,0.2,
mas,S01,2,simple,50,steady,138.939,0.0,0.926,0,1,0.2,
mas,S01,3,simple,50,steady,139.168,0.0,0.926,0,1,0.2,
mas,S01,4,simple,50,steady,139.356,0.0,0.926,0,1,0.2,
mas,S02,0,simple,200,steady,166.226,0.2,0.9926,0,0,0.2,
mas,S02,1,simple,200,steady,144.151,0.2,0.9926,0,0,0.2,
mas,S02,2,simple,200,steady,143.621,0.2,0.9926,0,0,0.2,
mas,S02,3,simple,200,steady,143.063,0.2,0.9926,0,0,0.2,
mas,S02,4,simple,200,steady,144.157,0.2,0.9926,0,0,0.2,
mas,S03,0,simple,50,steady,139.985,0.0,0.8646,0,0,0.2,
mas,S03,1,simple,50,steady,139.947,0.0,0.8646,0,0,0.2,
mas,S03,2,simple,50,steady,140.123,0.0,0.8646,0,0,0.2,
mas,S03,3,simple,50,steady,139.684,0.0,0.8646,0,0,0.2,
mas,S03,4,simple,50,steady,140.857,0.0,0.8646,0,0,0.2,
mas,S04,0,simple,50,steady,143.251,0.2,0.926,0,0,0.2,
mas,S04,1,simple,50,steady,143.815,0.2,0.926,0,0,0.2,
mas,S04,2,simple,50,steady,143.989,0.2,0.926,0,0,0.2,
mas,S04,3,simple,50,steady,143.325,0.2,0.926,0,0,0.2,
mas,S04,4,simple,50,steady,144.112,0.2,0.926,0,0,0.2,
mas,S05,0,simple,200,steady,143.286,0.2,0.9238,0,0,0.2,
mas,S05,1,simple,200,steady,143.711,0.2,0.9238,0,0,0.2,
mas,S05,2,simple,200,steady,142.477,0.2,0.9238,0,0,0.2,
mas,S05,3,simple,200,steady,143.369,0.2,0.9238,0,0,0.2,
mas,S05,4,simple,200,steady,142.213,0.2,0.9238,0,0,0.2,
mas,S06,0,simple,50,steady,128.025,0.0,0.0,1,0,0.2,
mas,S06,1,simple,50,steady,127.351,0.0,0.0,1,0,0.2,
mas,S06,2,simple,50,steady,127.626,0.0,0.0,1,0,0.2,
mas,S06,3,simple,50,steady,127.381,0.0,0.0,1,0,0.2,
mas,S06,4,simple,50,steady,127.668,0.0,0.0,1,0,0.2,
mas,N01,0,simple,500,steady,138.807,0.0,0.8041,0,1,0.2,
mas,N01,1,simple,500,steady,142.126,0.2,0.8041,0,0,0.2,
mas,N01,2,simple,500,steady,142.589,0.2,0.8041,0,0,0.2,
mas,N01,3,simple,500,steady,142.762,0.2,0.8041,0,0,0.2,
mas,N01,4,simple,500,steady,139.217,0.0,0.8041,0,1,0.2,
mas,M01,0,medium,500,steady,139.047,0.0,0.9927,0,1,0.2,
mas,M01,1,medium,500,steady,142.852,0.2,0.9927,0,1,0.2,
mas,M01,2,medium,500,steady,140.0,0.0,0.9927,0,1,0.2,
mas,M01,3,medium,500,steady,140.383,0.0,0.9927,0,1,0.2,
mas,M01,4,medium,500,steady,139.897,0.0,0.9927,0,1,0.2,
mas,M02,0,medium,200,steady,144.469,0.2,0.9686,0,1,0.2,
mas,M02,1,medium,200,steady,143.989,0.2,0.9686,0,1,0.2,
mas,M02,2,medium,200,steady,143.84,0.2,0.9686,0,1,0.2,
mas,M02,3,medium,200,steady,142.629,0.2,0.9686,0,1,0.2,
mas,M02,4,medium,200,steady,167.725,0.2,0.9686,0,1,0.2,
mas,M03,0,medium,500,fault-HA,140.915,0.0,0.7038,0,1,0.2,
mas,M03,1,medium,500,fault-HA,140.8,0.0,0.7038,0,1,0.2,
mas,M03,2,medium,500,fault-HA,140.428,0.0,0.7038,0,1,0.2,
mas,M03,3,medium,500,fault-HA,141.135,0.0,0.7038,0,1,0.2,
mas,M03,4,medium,500,fault-HA,139.606,0.0,0.7038,0,1,0.2,
mas,M04,0,medium,500,steady,142.63,0.2,0.5769,0,1,0.2,
mas,M04,1,medium,500,steady,143.71,0.2,0.5769,0,1,0.2,
mas,M04,2,medium,500,steady,144.448,0.2,0.5769,0,1,0.2,
mas,M04,3,medium,500,steady,143.119,0.2,0.5769,0,1,0.2,
mas,M04,4,medium,500,steady,143.597,0.2,0.5769,0,1,0.2,
mas,M05,0,medium,500,steady,140.05,0.0,0.4957,0,1,0.2,
mas,M05,1,medium,500,steady,139.057,0.0,0.4957,0,1,0.2,
mas,M05,2,medium,500,steady,141.161,0.0,0.4957,0,1,0.2,
mas,M05,3,medium,500,steady,139.468,0.0,0.4957,0,1,0.2,
mas,M05,4,medium,500,steady,139.324,0.0,0.4957,0,1,0.2,
mas,M06,0,medium,200,fault-HA,174.546,0.2,0.6976,0,1,0.2,
mas,M06,1,medium,200,fault-HA,141.998,0.2,0.6976,0,1,0.2,
mas,M06,2,medium,200,fault-HA,143.275,0.2,0.6976,1,0,0.2,
mas,M06,3,medium,200,fault-HA,143.693,0.2,0.6976,1,0,0.2,
mas,M06,4,medium,200,fault-HA,143.289,0.2,0.6976,1,0,0.2,
mas,M07,0,medium,200,steady,143.036,0.2,0.9443,0,1,0.2,
mas,M07,1,medium,200,steady,143.607,0.2,0.9443,0,1,0.2,
mas,M07,2,medium,200,steady,142.673,0.2,0.9443,0,1,0.2,
mas,M07,3,medium,200,steady,143.184,0.2,0.9443,0,1,0.2,
mas,M07,4,medium,200,steady,142.874,0.2,0.9443,0,1,0.2,
mas,M08,0,medium,500,bursty-headroom,144.008,0.2,0.3827,0,1,0.2,
mas,M08,1,medium,500,bursty-headroom,143.95,0.2,0.3916,0,1,0.2,
mas,M08,2,medium,500,bursty-headroom,145.077,0.2,0.3827,0,1,0.2,
mas,M08,3,medium,500,bursty-headroom,144.367,0.2,0.3916,0,1,0.2,
mas,M08,4,medium,500,bursty-headroom,143.862,0.2,0.3916,0,1,0.2,
mas,M09,0,medium,200,steady,744.872,0.2,0.0,1,0,0.2,
mas,M09,1,medium,200,steady,142.576,0.2,0.9474,0,1,0.2,
mas,M09,2,medium,200,steady,142.05,0.2,0.9474,0,1,0.2,
mas,M09,3,medium,200,steady,142.871,0.2,0.9474,0,1,0.2,
mas,M09,4,medium,200,steady,142.998,0.2,0.9474,0,1,0.2,
mas,M10,0,medium,200,steady,141.361,0.0,0.872,0,1,0.2,
mas,M10,1,medium,200,steady,144.576,0.2,0.872,0,1,0.2,
mas,M10,2,medium,200,steady,139.903,0.0,0.872,0,1,0.2,
mas,M10,3,medium,200,steady,144.033,0.2,0.872,0,1,0.2,
mas,M10,4,medium,200,steady,144.188,0.2,0.872,0,1,0.2,
mas,N02,0,medium,50,steady,144.437,0.2,0.8999,0,1,0.2,
mas,N02,1,medium,50,steady,144.196,0.2,0.8999,0,1,0.2,
mas,N02,2,medium,50,steady,142.467,0.2,0.8999,0,1,0.2,
mas,N02,3,medium,50,steady,144.167,0.2,0.8999,0,1,0.2,
mas,N02,4,medium,50,steady,144.004,0.2,0.8999,0,1,0.2,
mas,N03,0,medium,200,bursty-headroom,142.444,0.2,0.9238,0,1,0.2,
mas,N03,1,medium,200,bursty-headroom,143.518,0.2,0.9238,0,1,0.2,
mas,N03,2,medium,200,bursty-headroom,143.125,0.2,0.9238,0,1,0.2,
mas,N03,3,medium,200,bursty-headroom,143.313,0.2,0.9238,0,1,0.2,
mas,N03,4,medium,200,bursty-headroom,143.614,0.2,0.9238,0,1,0.2,
mas,N04,0,medium,500,sinusoidal-autoscale,143.577,0.2,0.7956,0,1,0.2,
mas,N04,1,medium,500,sinusoidal-autoscale,143.963,0.2,0.7956,0,1,0.2,
mas,N04,2,medium,500,sinusoidal-autoscale,145.343,0.2,0.7956,0,1,0.2,
mas,N04,3,medium,500,sinusoidal-autoscale,143.44,0.2,0.7956,0,1,0.2,
mas,N04,4,medium,500,sinusoidal-autoscale,144.879,0.2,0.7956,0,1,0.2,
mas,N05,0,medium,200,sinusoidal-autoscale,142.899,0.2,0.9474,0,1,0.2,
mas,N05,1,medium,200,sinusoidal-autoscale,142.407,0.2,0.9474,0,1,0.2,
mas,N05,2,medium,200,sinusoidal-autoscale,142.711,0.2,0.9474,0,1,0.2,
mas,N05,3,medium,200,sinusoidal-autoscale,143.092,0.2,0.9474,0,1,0.2,
mas,N05,4,medium,200,sinusoidal-autoscale,143.034,0.2,0.9474,0,1,0.2,
mas,N06,0,medium,50,fault-HA,142.793,0.2,0.7013,1,0,0.2,
mas,N06,1,medium,50,fault-HA,142.402,0.2,0.7013,1,0,0.2,
mas,N06,2,medium,50,fault-HA,143.109,0.2,0.7013,1,0,0.2,
mas,N06,3,medium,50,fault-HA,141.383,0.2,0.7013,1,0,0.2,
mas,N06,4,medium,50,fault-HA,142.181,0.2,0.7013,1,0,0.2,
mas,N07,0,medium,500,bursty-headroom,142.535,0.2,0.8036,0,1,0.2,
mas,N07,1,medium,500,bursty-headroom,143.336,0.2,0.8036,0,1,0.2,
mas,N07,2,medium,500,bursty-headroom,143.148,0.2,0.8036,0,1,0.2,
mas,N07,3,medium,500,bursty-headroom,143.988,0.2,0.8036,0,1,0.2,
mas,N07,4,medium,500,bursty-headroom,143.788,0.2,0.8036,0,1,0.2,
mas,N08,0,medium,200,fault-HA,141.081,0.2,0.6147,0,1,0.2,
mas,N08,1,medium,200,fault-HA,142.456,0.2,0.6147,0,1,0.2,
mas,N08,2,medium,200,fault-HA,142.206,0.2,0.6147,0,1,0.2,
mas,N08,3,medium,200,fault-HA,142.085,0.2,0.6147,0,1,0.2,
mas,N08,4,medium,200,fault-HA,142.657,0.2,0.6147,0,1,0.2,
mas,C01,0,complex,500,fault-HA,143.83,0.2,0.5372,0,1,0.2,
mas,C01,1,complex,500,fault-HA,143.9,0.2,0.5372,0,1,0.2,
mas,C01,2,complex,500,fault-HA,142.762,0.2,0.5372,0,1,0.2,
mas,C01,3,complex,500,fault-HA,143.372,0.2,0.5372,0,1,0.2,
mas,C01,4,complex,500,fault-HA,142.902,0.2,0.5372,0,1,0.2,
mas,C02,0,complex,500,steady,143.303,0.2,0.4459,0,1,0.2,Topology has issues: Connection references unknown VNF: oai-gnb; Connection references unknown VNF: oai-ue; Connection references unknown VNF: oai-gnb
mas,C02,1,complex,500,steady,147.068,0.2,0.4459,0,1,0.2,
mas,C02,2,complex,500,steady,145.966,0.2,0.4459,0,1,0.2,
mas,C02,3,complex,500,steady,145.467,0.2,0.4459,0,1,0.2,
mas,C02,4,complex,500,steady,146.125,0.2,0.4459,0,1,0.2,
mas,C03,0,complex,200,fault-HA,143.078,0.2,0.5876,1,0,0.2,
mas,C03,1,complex,200,fault-HA,141.978,0.1111,0.5876,1,0,0.2,
mas,C03,2,complex,200,fault-HA,142.789,0.2,0.5876,1,0,0.2,
mas,C03,3,complex,200,fault-HA,143.476,0.2,0.5876,1,0,0.2,
mas,C03,4,complex,200,fault-HA,143.011,0.2,0.5876,1,0,0.2,
mas,C04,0,complex,200,steady,143.258,0.1111,0.9447,0,1,0.2,
mas,C04,1,complex,200,steady,143.061,0.1111,0.9447,0,1,0.2,
mas,C04,2,complex,200,steady,144.072,0.1111,0.9447,0,1,0.2,
mas,C04,3,complex,200,steady,142.675,0.1111,0.9447,0,1,0.2,
mas,C04,4,complex,200,steady,141.32,0.1111,0.9447,0,1,0.2,
mas,C05,0,complex,500,bursty-headroom,141.897,0.1111,0.3597,0,1,0.2,
mas,C05,1,complex,500,bursty-headroom,142.879,0.1111,0.3597,0,1,0.2,
mas,C05,2,complex,500,bursty-headroom,142.502,0.1111,0.3597,0,1,0.2,
mas,C05,3,complex,500,bursty-headroom,141.978,0.1111,0.3597,0,1,0.2,
mas,C05,4,complex,500,bursty-headroom,142.715,0.1111,0.3597,0,1,0.2,
mas,C06,0,complex,500,steady,144.307,0.2,0.6427,0,1,0.2,
mas,C06,1,complex,500,steady,141.014,0.1111,0.6427,0,1,0.2,Topology has issues: Connection references unknown VNF: oai-gnb
mas,C06,2,complex,500,steady,142.984,0.1111,0.6354,0,1,0.2,
mas,C06,3,complex,500,steady,141.785,0.1111,0.6427,0,1,0.2,
mas,C06,4,complex,500,steady,147.365,0.2,0.6354,0,1,0.2,
mas,C07,0,complex,200,fault-HA,142.984,0.1111,0.6286,0,1,0.2,
mas,C07,1,complex,200,fault-HA,143.007,0.2,0.6286,0,1,0.2,
mas,C07,2,complex,200,fault-HA,143.581,0.2,0.6286,0,1,0.2,
mas,C07,3,complex,200,fault-HA,142.948,0.2,0.6286,0,1,0.2,
mas,C07,4,complex,200,fault-HA,142.455,0.1111,0.6286,0,1,0.2,
mas,C08,0,complex,500,steady,744.937,0.1111,0.0,1,0,0.2,
mas,C08,1,complex,500,steady,742.808,0.1111,0.0,1,0,0.2,
mas,C08,2,complex,500,steady,743.985,0.1111,0.0,1,0,0.2,
mas,C08,3,complex,500,steady,743.612,0.1111,0.0,1,0,0.2,
mas,C08,4,complex,500,steady,742.106,0.1111,0.0,1,0,0.2,
mas,C09,0,complex,50,steady,142.91,0.2,0.8646,0,0,0.2,
mas,C09,1,complex,50,steady,143.414,0.2,0.8646,0,0,0.2,
mas,C09,2,complex,50,steady,142.887,0.2,0.8646,0,0,0.2,
mas,C09,3,complex,50,steady,143.312,0.2,0.8646,0,0,0.2,
mas,C09,4,complex,50,steady,142.924,0.2,0.8646,0,0,0.2,
mas,N09,0,complex,200,bursty-headroom,141.372,0.1111,0.8875,0,1,0.2,
mas,N09,1,complex,200,bursty-headroom,141.763,0.1111,0.8875,0,1,0.2,
mas,N09,2,complex,200,bursty-headroom,140.913,0.1111,0.8875,0,1,0.2,
mas,N09,3,complex,200,bursty-headroom,141.2,0.1111,0.8875,0,1,0.2,
mas,N09,4,complex,200,bursty-headroom,141.854,0.1111,0.8875,0,1,0.2,
mas,N10,0,complex,200,sinusoidal-autoscale,144.085,0.2,0.9155,1,0,0.2,
mas,N10,1,complex,200,sinusoidal-autoscale,143.001,0.2,0.9155,1,0,0.2,
mas,N10,2,complex,200,sinusoidal-autoscale,142.7,0.2,0.9155,1,0,0.2,
mas,N10,3,complex,200,sinusoidal-autoscale,143.15,0.2,0.9155,1,0,0.2,
mas,N10,4,complex,200,sinusoidal-autoscale,144.257,0.2,0.9155,1,0,0.2,
mas,N11,0,complex,500,sinusoidal-autoscale,143.642,0.2,0.7949,0,1,0.2,
mas,N11,1,complex,500,sinusoidal-autoscale,143.673,0.2,0.7875,0,1,0.2,
mas,N11,2,complex,500,sinusoidal-autoscale,143.712,0.2,0.7949,0,1,0.2,
mas,N11,3,complex,500,sinusoidal-autoscale,144.4,0.2,0.7949,0,1,0.2,
mas,N11,4,complex,500,sinusoidal-autoscale,143.846,0.2,0.7949,0,1,0.2,
