scenario,system,metric,n,mean,sd
bursty-headroom,mas,deployment_time_s,25,142.92584,1.0688252382873429
bursty-headroom,mas,config_error_rate,25,0.16444000000000003,0.04445000000000001
bursty-headroom,mas,resource_accuracy,25,0.6725279999999999,0.2522169362539584
bursty-headroom,mas,interventions,25,0.0,0.0
bursty-headroom,mas,intent_to_deploy_accuracy,25,1.0,0.0
bursty-headroom,mas,policy_violation_rate,25,0.20000000000000004,2.832791573980247e-17
bursty-headroom,b1,deployment_time_s,25,1120.5832,189.6885982059368
bursty-headroom,b1,config_error_rate,25,0.0,0.0
bursty-headroom,b1,resource_accuracy,25,0.08102000000000001,0.11413862916062496
bursty-headroom,b1,interventions,25,9.64,1.7530925056406275
bursty-headroom,b1,intent_to_deploy_accuracy,25,0.0,0.0
bursty-headroom,b1,policy_violation_rate,25,0.128,0.11372481406154654
bursty-headroom,b2,deployment_time_s,25,3999.3747999999996,226.76445035028468
bursty-headroom,b2,config_error_rate,25,0.0,0.0
bursty-headroom,b2,resource_accuracy,25,0.19074,0.16527629140321368
bursty-headroom,b2,interventions,25,17.84,1.972308292331602
bursty-headroom,b2,intent_to_deploy_accuracy,25,0.0,0.0
bursty-headroom,b2,policy_violation_rate,25,0.016,0.05537749241945383
bursty-headroom,b3,deployment_time_s,25,0.0,0.0
bursty-headroom,b3,config_error_rate,25,0.0,0.0
bursty-headroom,b3,resource_accuracy,25,0.25611999999999996,0.18948678933723412
bursty-headroom,b3,interventions,25,0.6,0.5
bursty-headroom,b3,intent_to_deploy_accuracy,25,0.0,0.0
bursty-headroom,b3,policy_violation_rate,25,0.0,0.0
bursty-headroom,b4,deployment_time_s,25,29.395120000000002,2.011695415149454
bursty-headroom,b4,config_error_rate,25,0.895,0.29020466915609744
bursty-headroom,b4,resource_accuracy,25,0.46145600000000003,0.21163184243712793
bursty-headroom,b4,interventions,25,0.0,0.0
bursty-headroom,b4,intent_to_deploy_accuracy,25,0.0,0.0
bursty-headroom,b4,policy_violation_rate,25,0.0,0.0
fault-HA,mas,deployment_time_s,35,143.3746,5.518968649389228
fault-HA,mas,config_error_rate,35,0.16380857142857147,0.07232808164854079
fault-HA,mas,resource_accuracy,35,0.6386857142857142,0.060897030463953915
fault-HA,mas,interventions,35,0.37142857142857144,0.4902408943099112
fault-HA,mas,intent_to_deploy_accuracy,35,0.6285714285714286,0.4902408943099112
fault-HA,mas,policy_violation_rate,35,0.20000000000000004,2.816078793465528e-17
fault-HA,b1,deployment_time_s,35,1094.948857142857,170.5258247782503
fault-HA,b1,config_error_rate,35,0.0,0.0
fault-HA,b1,resource_accuracy,35,0.38547142857142846,0.03269289877407785
fault-HA,b1,interventions,35,9.0,1.6803361008336117
fault-HA,b1,intent_to_deploy_accuracy,35,0.0,0.0
fault-HA,b1,policy_violation_rate,35,0.11428571428571428,0.11152118538607796
fault-HA,b2,deployment_time_s,35,3918.8434285714293,244.609266417507
fault-HA,b2,config_error_rate,35,0.0,0.0
fault-HA,b2,resource_accuracy,35,0.5747714285714284,0.12571772436091658
fault-HA,b2,interventions,35,17.485714285714284,2.091599846042829
fault-HA,b2,intent_to_deploy_accuracy,35,0.0,0.0
fault-HA,b2,policy_violation_rate,35,0.017142857142857144,0.0568057281997381
fault-HA,b3,deployment_time_s,35,0.0,0.0
fault-HA,b3,config_error_rate,35,0.0,0.0
fault-HA,b3,resource_accuracy,35,0.5485428571428572,0.19809274311278946
fault-HA,b3,interventions,35,0.5714285714285714,0.5020964452534339
fault-HA,b3,intent_to_deploy_accuracy,35,0.0,0.0
fault-HA,b3,policy_violation_rate,35,0.0,0.0
fault-HA,b4,deployment_time_s,35,31.375514285714285,2.583307665075334
fault-HA,b4,config_error_rate,35,0.8527771428571429,0.32874484570838813
fault-HA,b4,resource_accuracy,35,0.5798885714285714,0.24318671206373454
fault-HA,b4,interventions,35,0.0,0.0
fault-HA,b4,intent_to_deploy_accuracy,35,0.0,0.0
fault-HA,b4,policy_violation_rate,35,0.0,0.0
sinusoidal-autoscale,mas,deployment_time_s,20,143.59055,0.7564362758842808
sinusoidal-autoscale,mas,config_error_rate,20,0.20000000000000004,2.8476619731297836e-17
sinusoidal-autoscale,mas,resource_accuracy,20,0.8629799999999997,0.07121595474699693
sinusoidal-autoscale,mas,interventions,20,0.25,0.4442616583193193
sinusoidal-autoscale,mas,intent_to_deploy_accuracy,20,0.75,0.4442616583193193
sinusoidal-autoscale,mas,policy_violation_rate,20,0.20000000000000004,2.8476619731297836e-17
sinusoidal-autoscale,b1,deployment_time_s,20,1114.6105,203.39429401185018
sinusoidal-autoscale,b1,config_error_rate,20,0.0,0.0
sinusoidal-autoscale,b1,resource_accuracy,20,0.0,0.0
sinusoidal-autoscale,b1,interventions,20,10.35,1.4608937423083819
sinusoidal-autoscale,b1,intent_to_deploy_accuracy,20,0.0,0.0
sinusoidal-autoscale,b1,policy_violation_rate,20,0.12000000000000002,0.13611140947574416
sinusoidal-autoscale,b2,deployment_time_s,20,3925.1620000000003,279.79810729956887
sinusoidal-autoscale,b2,config_error_rate,20,0.0,0.0
sinusoidal-autoscale,b2,resource_accuracy,20,0.123175,0.1264301008254634
sinusoidal-autoscale,b2,interventions,20,17.9,2.2454632624823536
sinusoidal-autoscale,b2,intent_to_deploy_accuracy,20,0.0,0.0
sinusoidal-autoscale,b2,policy_violation_rate,20,0.0,0.0
sinusoidal-autoscale,b3,deployment_time_s,20,0.0,0.0
sinusoidal-autoscale,b3,config_error_rate,20,0.0,0.0
sinusoidal-autoscale,b3,resource_accuracy,20,0.09090000000000001,0.0932616861592324
sinusoidal-autoscale,b3,interventions,20,0.5,0.512989176042577
sinusoidal-autoscale,b3,intent_to_deploy_accuracy,20,0.0,0.0
sinusoidal-autoscale,b3,policy_violation_rate,20,0.0,0.0
sinusoidal-autoscale,b4,deployment_time_s,20,31.271149999999995,2.84834354955925
sinusoidal-autoscale,b4,config_error_rate,20,0.825,0.35909242322980395
sinusoidal-autoscale,b4,resource_accuracy,20,0.49102500000000004,0.26797760683153715
sinusoidal-autoscale,b4,interventions,20,1.0,0.0
sinusoidal-autoscale,b4,intent_to_deploy_accuracy,20,0.0,0.0
sinusoidal-autoscale,b4,policy_violation_rate,20,0.0,0.0
steady,mas,deployment_time_s,100,178.3393,143.65326886023973
steady,mas,config_error_rate,100,0.13244299999999995,0.08798225860531729
steady,mas,resource_accuracy,100,0.7420049999999998,0.30703661196322923
steady,mas,interventions,100,0.11,0.3144660377352202
steady,mas,intent_to_deploy_accuracy,100,0.61,0.49020713000019717
steady,mas,policy_violation_rate,100,0.19999999999999996,5.579080615598709e-17
steady,b1,deployment_time_s,100,980.2654999999999,181.68856557126384
steady,b1,config_error_rate,100,0.0,0.0
steady,b1,resource_accuracy,100,0.050565,0.09806537849616427
steady,b1,interventions,100,9.07,1.5456357588351461
steady,b1,intent_to_deploy_accuracy,100,0.0,0.0
steady,b1,policy_violation_rate,100,0.14,0.13780384243517665
steady,b2,deployment_time_s,100,3941.7188,216.8720835348046
steady,b2,config_error_rate,100,0.0,0.0
steady,b2,resource_accuracy,100,0.174705,0.23897451044287993
steady,b2,interventions,100,17.19,2.087456525888563
steady,b2,intent_to_deploy_accuracy,100,0.0,0.0
steady,b2,policy_violation_rate,100,0.014000000000000002,0.05128647999524855
steady,b3,deployment_time_s,100,0.0,0.0
steady,b3,config_error_rate,100,0.0,0.0
steady,b3,resource_accuracy,100,0.35999999999999993,0.3208960985437593
steady,b3,interventions,100,0.35,0.47937248544110217
steady,b3,intent_to_deploy_accuracy,100,0.0,0.0
steady,b3,policy_violation_rate,100,0.0,0.0
steady,b4,deployment_time_s,100,29.430710000000005,5.263260636830759
steady,b4,config_error_rate,100,0.87625,0.3084945319817294
steady,b4,resource_accuracy,100,0.48193400000000003,0.21530259712152272
steady,b4,interventions,100,0.05,0.21904291355759029
steady,b4,intent_to_deploy_accuracy,100,0.0,0.0
steady,b4,policy_violation_rate,100,0.0,0.0
