run_id,scenario,system,rep,detection_latency_s,detection_latency_fingerprint_s,plan_latency_s,action_latency_s,recovery_time_s,remediation_success,false_positives_pre_fault,human_interventions,n_plans_llm,n_plans_heuristic,first_alert_idx,first_plan_idx,first_action_idx,recovered_idx,trigger_fingerprint,fault_started_at,completed_at
F1-B_static-rep1-502fdb,F1,B_static,1,66.498381,66.498381,,,,0,2,0,0,0,4,,,,point_outlier|oai-smf|cpu_utilization,2026-05-06T21:26:40.568341+00:00,2026-05-06T21:30:01.749668+00:00
F1-B_static-rep2-f7a61f,F1,B_static,2,0.041373,0.041373,,,,0,2,0,0,0,0,,,,point_outlier|oai-smf|memory_utilization,2026-05-06T21:31:23.630185+00:00,2026-05-06T21:34:46.684221+00:00
F1-B_static-rep3-ec7807,F1,B_static,3,0.05806,0.05806,,,,0,1,0,0,0,0,,,,point_outlier|oai-upf|memory_utilization,2026-05-06T21:36:08.505303+00:00,2026-05-06T21:39:31.144160+00:00
F1-B_static-rep4-108ed5,F1,B_static,4,33.75233,33.75233,,,,0,2,0,0,0,2,,,,point_outlier|oai-smf|cpu_utilization,2026-05-06T21:40:52.908040+00:00,2026-05-06T21:44:15.572673+00:00
F1-B_static-rep5-4a558a,F1,B_static,5,0.042576,0.042576,,,,0,3,0,0,0,0,,,,point_outlier|oai-upf|cpu_utilization,2026-05-06T21:45:37.900344+00:00,2026-05-06T21:48:59.877745+00:00
F1-MAS-rep1-c5197d,F1,MAS,1,31.836152,31.836152,-31.797677,0.0,95.27843,1,1,0,0,11,1,0,0,3,point_outlier|oai-upf|network_rx_mbps,2026-05-06T19:31:50.187267+00:00,2026-05-06T19:37:25.648166+00:00
F1-MAS-rep1-dfda09,F1,MAS,1,69.995774,69.995774,-69.995731,0.0,414.49828,1,2,0,3,9,1,0,0,5,point_outlier|CPU|cpu_utilization,2026-05-10T10:56:18.546990+00:00,2026-05-10T11:12:30.040061+00:00
F1-MAS-rep2-a57207,F1,MAS,2,0.04105,0.04105,0.0,0.0,143.608671,1,3,0,1,11,0,0,0,2,point_outlier|CPU|cpu_utilization,2026-05-10T11:17:30.059373+00:00,2026-05-10T11:35:19.080496+00:00
F1-MAS-rep2-cb0547,F1,MAS,2,0.03841,0.03841,0.0,0.0,63.460683,1,3,0,0,12,0,0,0,2,point_outlier|oai-amf|cpu_utilization,2026-05-06T19:39:37.309264+00:00,2026-05-06T19:46:01.433759+00:00
F1-MAS-rep3-4397ef,F1,MAS,3,0.040511,0.040511,0.0,0.0,172.2714,1,2,0,0,12,0,0,0,2,point_outlier|The|cpu_utilization,2026-05-10T11:40:35.134972+00:00,2026-05-10T11:53:28.042761+00:00
F1-MAS-rep3-603a05,F1,MAS,3,0.042352,0.042352,0.0,0.0,63.554373,1,3,0,0,12,0,0,0,2,point_outlier|oai-ausf|cpu_utilization,2026-05-06T19:48:26.070069+00:00,2026-05-06T19:54:48.414445+00:00
F1-MAS-rep4-6b8771,F1,MAS,4,0.054737,0.054737,0.0,0.0,69.54298,1,1,0,2,10,0,0,0,2,point_outlier|oai-upf|cpu_utilization,2026-05-06T19:56:28.419504+00:00,2026-05-06T20:02:57.941491+00:00
F1-MAS-rep4-a70589,F1,MAS,4,0.089715,0.089715,0.0,0.0,215.763053,1,3,0,0,11,0,0,0,3,point_outlier|CPU|cpu_utilization,2026-05-10T11:58:04.537332+00:00,2026-05-10T12:09:09.776248+00:00
F1-MAS-rep5-a34882,F1,MAS,5,3.5e-05,3.5e-05,0.0,0.0,63.532427,1,3,0,0,6,0,0,0,2,point_outlier|oai-ausf|network_rx_mbps,2026-05-06T20:05:12.338235+00:00,2026-05-06T20:08:07.518525+00:00
F1-MAS-rep5-acb03e,F1,MAS,5,0.040045,0.040045,0.0,0.0,104.99184,1,3,0,2,10,0,0,0,2,point_outlier|Observed|memory_utilization,2026-05-10T12:12:49.867372+00:00,2026-05-10T12:24:16.552624+00:00
F2-B_static-rep1-7fd152,F2,B_static,1,17.068932,17.068932,,,,0,3,0,0,0,1,,,,point_outlier|oai-smf|memory_utilization,2026-05-06T21:50:22.819307+00:00,2026-05-06T21:53:44.297451+00:00
F2-B_static-rep2-474e17,F2,B_static,2,3.8e-05,3.8e-05,,,,0,2,0,0,0,0,,,,point_outlier|oai-udm|network_rx_mbps,2026-05-06T21:55:06.136919+00:00,2026-05-06T21:58:27.523600+00:00
F2-B_static-rep3-46c53c,F2,B_static,3,16.725861,16.725861,,,,0,3,0,0,0,1,,,,point_outlier|oai-amf|network_rx_mbps,2026-05-06T21:59:49.282639+00:00,2026-05-06T22:03:08.841094+00:00
F2-B_static-rep4-b1deaf,F2,B_static,4,16.692289,16.692289,,,,0,2,0,0,0,1,,,,point_outlier|oai-udr|cpu_utilization,2026-05-06T22:04:30.748528+00:00,2026-05-06T22:07:51.096947+00:00
F2-B_static-rep5-911b53,F2,B_static,5,3.7e-05,3.7e-05,,,,0,2,0,0,0,0,,,,point_outlier|oai-nssf|memory_utilization,2026-05-06T22:09:12.232603+00:00,2026-05-06T22:12:32.231794+00:00
F2-MAS-rep1-9134a1,F2,MAS,1,0.004555,0.004555,0.0,0.0,137.372771,1,2,0,5,7,0,0,0,2,point_outlier|AMF|network_rx_mbps,2026-05-10T12:28:34.551476+00:00,2026-05-10T12:40:21.653377+00:00
F2-MAS-rep1-acea18,F2,MAS,1,0.00464,0.00464,0.0,0.0,68.406137,1,2,0,3,9,0,0,0,2,point_outlier|oai-smf|memory_utilization,2026-05-06T20:10:21.863598+00:00,2026-05-06T20:16:37.696632+00:00
F2-MAS-rep2-2db47b,F2,MAS,2,101.36239,101.36239,-101.362352,0.0,67.330212,1,2,0,3,9,3,0,0,2,point_outlier|oai-nr-ue|cpu_utilization,2026-05-06T20:18:50.310488+00:00,2026-05-06T20:25:06.106809+00:00
F2-MAS-rep2-3189ba,F2,MAS,2,0.004657,0.004657,0.0,0.0,121.360304,1,1,0,0,12,0,0,0,2,point_outlier|CPU|cpu_utilization,2026-05-10T12:42:58.138939+00:00,2026-05-10T12:56:01.805869+00:00
F2-MAS-rep3-a12fc6,F2,MAS,3,30.478236,30.478236,-30.478194,0.0,91.385212,1,3,0,0,12,1,0,0,3,point_outlier|oai-gnb|cpu_utilization,2026-05-06T20:27:14.584768+00:00,2026-05-06T20:33:23.399883+00:00
F2-MAS-rep3-c2c6c4,F2,MAS,3,0.004779,0.004779,0.0,0.0,454.287927,1,2,0,4,8,0,0,0,6,point_outlier|CPU|cpu_utilization,2026-05-10T12:59:46.232799+00:00,2026-05-10T13:14:52.448718+00:00
F2-MAS-rep4-5817c9,F2,MAS,4,31.486077,31.486077,-31.486034,0.0,92.236216,1,2,0,0,12,1,0,0,3,point_outlier|oai-upf|memory_utilization,2026-05-06T20:35:29.967643+00:00,2026-05-06T20:41:40.882164+00:00
F2-MAS-rep4-6a6f98,F2,MAS,4,0.004624,0.004624,0.0,0.0,578.879602,1,3,0,1,11,0,0,0,7,point_outlier|CPU|cpu_utilization,2026-05-10T13:19:21.928617+00:00,2026-05-10T13:34:59.989336+00:00
F2-MAS-rep5-5ba872,F2,MAS,5,32.259071,32.259071,-32.259032,0.0,92.976868,1,3,0,0,12,1,0,0,3,point_outlier|oai-amf|cpu_utilization,2026-05-06T20:43:48.218649+00:00,2026-05-06T20:49:54.413333+00:00
F2-MAS-rep5-729f3f,F2,MAS,5,0.00463,0.00463,0.0,0.0,153.073726,1,3,0,2,10,0,0,0,2,point_outlier|SMF|cpu_utilization,2026-05-10T13:39:13.204632+00:00,2026-05-10T13:55:13.733679+00:00
F3-B_static-rep1-cc8a24,F3,B_static,1,0.167752,0.167752,,,,0,3,0,0,0,0,,,,point_outlier|oai-upf|cpu_utilization,2026-05-06T22:13:53.906846+00:00,2026-05-06T22:17:16.021768+00:00
F3-B_static-rep2-cc88e7,F3,B_static,2,0.04305,0.04305,,,,0,3,0,0,0,0,,,,point_outlier|oai-smf|cpu_utilization,2026-05-06T22:18:37.163868+00:00,2026-05-06T22:21:57.684835+00:00
F3-B_static-rep3-16ccae,F3,B_static,3,33.897355,33.897355,,,,0,3,0,0,0,2,,,,point_outlier|oai-udm|memory_utilization,2026-05-06T22:23:19.032267+00:00,2026-05-06T22:26:40.952019+00:00
F3-B_static-rep4-0de5c7,F3,B_static,4,33.809473,33.809473,,,,0,1,0,0,0,2,,,,point_outlier|oai-amf|network_rx_mbps,2026-05-06T22:28:02.289943+00:00,2026-05-06T22:31:24.298741+00:00
F3-B_static-rep5-960f64,F3,B_static,5,0.117584,0.117584,,,,0,3,0,0,0,0,,,,point_outlier|oai-amf|cpu_utilization,2026-05-06T22:32:45.941826+00:00,2026-05-06T22:36:06.430409+00:00
F3-MAS-rep1-39fcf4,F3,MAS,1,0.047032,0.047032,0.0,0.0,61.042843,1,2,0,0,12,0,0,0,2,point_outlier|oai-udm|network_rx_mbps,2026-05-06T20:51:57.289478+00:00,2026-05-06T20:58:03.176548+00:00
F3-MAS-rep1-cfb73e,F3,MAS,1,0.102688,0.102688,0.0,0.0,178.220247,1,3,0,0,11,0,0,0,2,point_outlier|oai-ausf|cpu_utilization,2026-05-10T13:59:59.076931+00:00,2026-05-10T14:13:49.843479+00:00
F3-MAS-rep2-41b396,F3,MAS,2,0.080786,0.080786,0.0,0.0,168.472892,1,2,0,3,7,0,0,0,2,point_outlier|oai-udm|cpu_utilization,2026-05-10T14:17:30.991658+00:00,2026-05-10T14:30:08.417634+00:00
F3-MAS-rep2-9462a6,F3,MAS,2,0.056813,0.056813,0.0,0.0,61.113932,1,2,0,0,8,0,0,0,2,point_outlier|oai-udm|cpu_utilization,2026-05-06T21:00:08.562233+00:00,2026-05-06T21:03:57.560168+00:00
F3-MAS-rep3-56f78d,F3,MAS,3,0.042418,0.042418,0.0,0.0,66.364829,1,3,0,2,10,0,0,0,2,point_outlier|oai-udm|network_rx_mbps,2026-05-06T21:06:08.290887+00:00,2026-05-06T21:12:30.795289+00:00
F3-MAS-rep3-d8f419,F3,MAS,3,0.057315,0.057315,0.0,0.0,129.303161,1,3,0,0,12,0,0,0,2,point_outlier|SMF|cpu_utilization,2026-05-10T14:34:11.183058+00:00,2026-05-10T14:46:40.765686+00:00
F3-MAS-rep4-5dfb7b,F3,MAS,4,0.056555,0.056555,0.0,0.0,230.236909,1,2,0,9,0,0,0,0,4,point_outlier|CPU|cpu_utilization,2026-05-10T14:50:55.049628+00:00,2026-05-10T14:58:24.695089+00:00
F3-MAS-rep4-6e806b,F3,MAS,4,68.915818,68.915818,-68.872984,0.0,135.028218,1,1,0,3,9,2,0,0,4,point_outlier|oai-ausf|memory_utilization,2026-05-06T21:14:46.676586+00:00,2026-05-06T21:21:17.066667+00:00
F3-MAS-rep5-026a38,F3,MAS,5,0.04376,0.04376,0.0,0.0,69.954784,1,1,0,4,0,0,0,0,2,point_outlier|oai-amf|memory_utilization,2026-05-06T21:23:14.281619+00:00,2026-05-06T21:25:19.004474+00:00
F3-MAS-rep5-7104bd,F3,MAS,5,59.201919,59.201919,-59.056718,0.0,196.495987,1,3,0,8,1,1,0,0,3,point_outlier|The|network_rx_mbps,2026-05-10T15:01:58.583524+00:00,2026-05-10T15:11:26.212557+00:00
